MarkerName	Allele1	Allele2	Freq1	FreqSE	Effect	StdErr	P-value	Direction	Nsample	chr	pos	cumulative_pos	HGNC_nearest_gene_snpsnap	HGNC_nearest_gene_snpsnap_protein_coding
rs10797384	a	g	0.8541	0.0000	0.7145	0.1764	5.122e-05	??+	628	1	3137685	3137685	PRDM16	PRDM16
rs868047	a	g	0.1791	0.0090	-0.2497	0.0742	0.0007614	--?	2765	1	15085004	15085004	KAZN	KAZN
rs10803378	a	g	0.0667	0.0008	0.4165	0.1097	0.000146	++?	2766	1	15499305	15499305	FHAD1	FHAD1
rs11210729	a	g	0.1730	0.0000	-0.5684	0.1574	0.000305	-??	734	1	43306128	43306128		ERMAP
rs748143	a	c	0.4214	0.0000	0.5207	0.1241	2.717e-05	??+	627	1	48281606	48281606		TRABD2B
rs823390	a	g	0.4159	0.0000	0.5195	0.1229	2.379e-05	??+	632	1	48285332	48285332		TRABD2B
rs513108	a	c	0.5809	0.0000	-0.4864	0.1219	6.635e-05	??-	631	1	48288988	48288988		
rs302694	t	c	0.4186	0.0000	0.4923	0.1218	5.322e-05	??+	632	1	48289769	48289769		
rs12744108	t	c	0.9495	0.0000	-0.9860	0.2990	0.0009738	??-	629	1	54100571	54100571	YIPF1	YIPF1
rs1655523	t	g	0.7079	0.0000	-0.4403	0.1330	0.000933	??-	632	1	54888089	54888089	MROH7	MROH7
rs752468	t	c	0.3253	0.0000	0.4309	0.1301	0.0009296	??+	619	1	54889588	54889588	MROH7	MROH7
rs2799626	t	c	0.7238	0.0000	0.4306	0.1239	0.0005128	+??	735	1	62179196	62179196	TM2D1	TM2D1
rs11207957	t	c	0.2381	0.0000	0.4173	0.1262	0.0009464	+??	735	1	62773907	62773907	KANK4	KANK4
rs855332	t	g	0.1372	0.0007	-0.2750	0.0831	0.0009398	--?	2766	1	63901981	63901981	RN7SL130P	ITGB3BP
rs1354718	a	g	0.8092	0.0071	0.2570	0.0726	0.0003974	++?	2764	1	63920538	63920538	RN7SL130P	ITGB3BP
rs639222	a	g	0.9371	0.0010	-0.4382	0.1138	0.0001184	--?	2767	1	64062886	64062886	ROR1	ROR1
rs5028450	a	g	0.9362	0.0000	-1.0360	0.2758	0.000172	??-	629	1	70734401	70734401		CTH
rs10747349	t	g	0.0512	0.0000	-0.9496	0.2830	0.0007936	??-	628	1	77027620	77027620		ST6GALNAC5
rs6659184	t	c	0.8422	0.0000	0.6486	0.1628	6.776e-05	+??	735	1	83465396	83465396		TTLL7
rs2464454	a	g	0.4347	0.0000	0.3783	0.1149	0.0009983	+??	735	1	90537432	90537432	ZNF326	ZNF326
rs2813746	a	c	0.4299	0.0000	0.4111	0.1147	0.0003397	+??	735	1	90539764	90539764	ZNF326	ZNF326
rs4847317	a	g	0.4479	0.0000	-0.4377	0.1219	0.0003281	??-	631	1	94850717	94850717		F3
rs10518636	a	g	0.1694	0.0065	-0.2651	0.0764	0.0005224	+-?	2764	1	97871467	97871467	DPYD	DPYD
rs6694948	t	g	0.6406	0.0000	0.4729	0.1241	0.0001384	??+	612	1	102088784	102088784	OLFM3	OLFM3
rs6695052	t	g	0.6305	0.0000	0.4433	0.1185	0.000184	??+	628	1	102088881	102088881	OLFM3	OLFM3
rs6682150	t	c	0.6301	0.0000	0.4504	0.1187	0.0001488	??+	627	1	102089047	102089047	OLFM3	OLFM3
rs9943277	t	g	0.3695	0.0000	-0.4473	0.1184	0.0001587	??-	629	1	102091507	102091507	OLFM3	OLFM3
rs17472415	a	g	0.2238	0.0000	-0.5237	0.1391	0.0001665	??-	627	1	102133538	102133538	OLFM3	OLFM3
rs11102110	t	c	0.6977	0.0051	0.1987	0.0599	0.000911	++?	2708	1	110804724	110804724		PROK1
rs6661602	t	c	0.6217	0.0000	0.4662	0.1297	0.0003244	??+	611	1	144139653	144139653	TXNIP	TXNIP
rs2777819	a	g	0.4361	0.0000	0.3790	0.1115	0.0006739	+??	735	1	157976566	157976566	KIRREL	KIRREL
rs4657110	t	c	0.0968	0.0092	-0.3675	0.0975	0.0001629	--?	2761	1	160064863	160064863	ATF6	ATF6
rs12026254	t	c	0.0966	0.0093	-0.3770	0.0975	0.0001098	--?	2762	1	160117160	160117160	ATF6	ATF6
rs12032568	a	g	0.9032	0.0091	0.3807	0.0974	9.327e-05	++?	2764	1	160127564	160127564		ATF6
rs2184065	t	c	0.0888	0.0000	0.6769	0.1857	0.0002674	+??	732	1	160940032	160940032	ITLN2	ITLN2
rs12124253	a	c	0.2517	0.0000	-0.4839	0.1381	0.00046	??-	630	1	161129470	161129470	C1orf110	C1orf110
rs4657271	a	g	0.3993	0.0068	0.1992	0.0511	9.853e-05	+++	3393	1	161654063	161654063		RGS5
rs10917756	t	g	0.4639	0.0038	0.1871	0.0563	0.0008894	++?	2759	1	161688944	161688944	RNA5SP62	RGS5
rs3917751	t	c	0.3590	0.0000	0.3931	0.1127	0.0004866	+??	734	1	169576568	169576568	SELP	SELP
rs12120556	a	g	0.1721	0.0000	0.5591	0.1608	0.0005071	??+	630	1	170381777	170381777	DNM3	DNM3
rs2181624	c	g	0.8215	0.0000	-0.5301	0.1590	0.0008591	??-	627	1	170386205	170386205	DNM3	DNM3
rs2038111	a	g	0.0687	0.0000	0.7115	0.2121	0.0007965	+??	735	1	170843877	170843877	MROH9	MROH9
rs1234310	a	g	0.5516	0.0020	-0.2706	0.0782	0.0005386	-?-	1367	1	171375018	171375018	GOT2P2	TNFSF4
rs16848523	a	g	0.1905	0.0000	-0.4825	0.1428	0.0007249	-??	735	1	175463693	175463693	TNR	TNR
rs10913472	t	c	0.4851	0.0053	0.1831	0.0552	0.0009172	++?	2756	1	176196177	176196177	SEC16B	SEC16B
rs12134611	c	g	0.1064	0.0000	-0.6294	0.1911	0.0009877	??-	623	1	177436211	177436211	ABL2	ABL2
rs7531292	a	g	0.5214	0.0018	0.1861	0.0564	0.0009748	++?	2722	1	189416253	189416253		BRINP3
rs12132564	c	g	0.8574	0.0000	0.5864	0.1712	0.0006125	??+	625	1	193198583	193198583		KCNT2
rs12131392	a	g	0.8584	0.0000	0.6028	0.1715	0.0004398	??+	627	1	193232740	193232740		KCNT2
rs10801379	a	c	0.5764	0.0000	-0.3956	0.1202	0.0009983	??-	628	1	193308015	193308015		KCNT2
rs296513	t	c	0.2294	0.0073	0.2059	0.0601	0.0006135	+++	3390	1	199173096	199173096	MROH3P	C1orf106
rs2205595	t	c	0.8552	0.0082	0.2477	0.0728	0.0006639	+++	3398	1	199807132	199807132		
rs4971212	a	c	0.7936	0.0000	-0.4975	0.1462	0.0006665	??-	631	1	201758015	201758015	OPTC	OPTC
rs4845123	a	g	0.3367	0.0000	0.4668	0.1267	0.0002296	??+	611	1	204887160	204887160	DYRK3	DYRK3
rs7527863	a	g	0.5834	0.0003	-0.3038	0.0838	0.0002881	-?-	1367	1	210498054	210498054		PPP2R5A
rs4655330	a	g	0.3228	0.0060	-0.3179	0.0866	0.0002397	-?-	1367	1	212532691	212532691	SMYD2	SMYD2
rs10779613	t	c	0.4324	0.0000	0.4035	0.1188	0.0006838	??+	631	1	212543184	212543184	SMYD2	SMYD2
rs6700976	a	g	0.4300	0.0000	0.3929	0.1188	0.0009396	??+	631	1	212547905	212547905	SMYD2	SMYD2
rs6665343	a	g	0.5687	0.0000	-0.3976	0.1187	0.0008052	??-	632	1	212548253	212548253	SMYD2	SMYD2
rs11120295	a	g	0.5687	0.0000	-0.3976	0.1187	0.0008052	??-	632	1	212562326	212562326	SMYD2	SMYD2
rs6660335	t	c	0.3561	0.0000	-0.4146	0.1237	0.0007994	??-	631	1	212568478	212568478	SMYD2	SMYD2
rs10863256	a	g	0.5841	0.0000	0.4206	0.1167	0.0003134	??+	618	1	214810122	214810122	ESRRG	ESRRG
rs11117629	t	c	0.7997	0.0000	-0.5291	0.1482	0.0003583	??-	632	1	214832003	214832003	ESRRG	ESRRG
rs11117630	t	c	0.8012	0.0000	-0.5122	0.1486	0.0005668	??-	631	1	214832084	214832084	ESRRG	ESRRG
rs12087642	t	c	0.3630	0.0000	-0.4428	0.1185	0.0001855	??-	631	1	214836005	214836005	ESRRG	ESRRG
rs12088947	t	c	0.3637	0.0000	-0.4419	0.1185	0.0001915	??-	632	1	214836783	214836783	ESRRG	ESRRG
rs1833039	a	g	0.1987	0.0000	0.5536	0.1511	0.0002483	??+	626	1	214838272	214838272	ESRRG	ESRRG
rs7533692	t	c	0.3632	0.0000	-0.4419	0.1185	0.0001915	??-	632	1	214838334	214838334	ESRRG	ESRRG
rs2042525	a	g	0.7547	0.0047	0.2092	0.0588	0.0003727	+++	3367	1	215805659	215805659	GPATCH2	GPATCH2
rs12024821	a	g	0.7612	0.0028	0.2178	0.0661	0.0009836	++?	2759	1	215836417	215836417	GPATCH2	GPATCH2
rs7547751	t	c	0.5700	0.0107	0.1985	0.0559	0.0003886	++?	2761	1	220132332	220132332		DUSP10
rs3007716	a	g	0.7901	0.0070	-0.2498	0.0697	0.0003377	--?	2763	1	224192240	224192240	LEFTY2	LEFTY2
rs12565154	a	g	0.0578	0.0000	0.9383	0.2326	5.484e-05	+??	735	1	228027310	228027310	PRSS38	PRSS38
rs936411	t	c	0.5219	0.0021	-0.1946	0.0564	0.000558	--?	2763	1	232333538	232333538	SLC35F3	SLC35F3
rs9435565	a	g	0.2951	0.0034	0.2007	0.0609	0.0009809	++?	2766	1	232341281	232341281	SLC35F3	SLC35F3
rs822828	a	g	0.1202	0.0031	0.2838	0.0845	0.0007837	++?	2758	1	233029256	233029256	RNY4P16	IRF2BP2
rs542565	a	t	0.2529	0.0000	-0.4358	0.1311	0.0008905	??-	630	1	236835909	236835909	KRT18P32	MTRNR2L11
rs522165	a	g	0.2538	0.0000	-0.4397	0.1308	0.0007766	??-	629	1	236842448	236842448	KRT18P32	MTRNR2L11
rs4391653	t	c	0.2563	0.0097	-0.2135	0.0571	0.0001872	---	3376	1	239408914	239408914	RGS7	RGS7
rs3006020	a	g	0.7950	0.0000	0.5369	0.1485	0.0002992	??+	624	1	242720057	242720057	C1orf101	C1orf101
rs10924249	t	g	0.1897	0.0025	-0.2330	0.0646	0.0003131	---	3380	1	243837265	243837265	KIF26B	KIF26B
rs2788015	t	c	0.1392	0.0034	0.3033	0.0801	0.0001536	++?	2754	1	244309531	244309531	SMYD3	SMYD3
rs10495480	a	c	0.3704	0.0083	-0.2015	0.0584	0.0005646	?--	2646	2	160616	249371323		ACP1
rs1606310	a	g	0.1565	0.0000	0.4817	0.1453	0.0009132	+??	735	2	2424495	251635202	MYT1L	MYT1L
rs7563835	a	g	0.3815	0.0000	0.5490	0.1295	2.255e-05	??+	628	2	10430031	259640738	HPCAL1	HPCAL1
rs11679891	a	c	0.5081	0.0000	-0.4082	0.1170	0.0004866	??-	631	2	10435606	259646313	HPCAL1	HPCAL1
rs1348864	t	g	0.3286	0.0016	-0.2215	0.0593	0.0001882	--?	2754	2	23035767	272246474	RN7SKP27	KLHL29
rs2859549	t	c	0.3883	0.0000	0.3823	0.1128	0.000704	+??	734	2	23223207	272433914	RN7SKP27	KLHL29
rs919205	a	g	0.2918	0.0004	0.2033	0.0610	0.0008606	++?	2754	2	25809949	275020656		DTNB
rs3731639	a	c	0.2913	0.0003	0.2090	0.0610	0.0006168	++?	2733	2	25811040	275021747	ASXL2	ASXL2
rs1076000	a	g	0.2898	0.0045	0.2045	0.0553	0.000214	+++	3391	2	25830860	275041567	ASXL2	ASXL2
rs890681	t	g	0.7082	0.0002	-0.2047	0.0607	0.0007496	--?	2731	2	25831991	275042698	ASXL2	ASXL2
rs6546452	a	g	0.2213	0.0074	0.2766	0.0667	3.369e-05	++?	2755	2	25834776	275045483	ASXL2	ASXL2
rs13405775	t	c	0.3214	0.0006	0.2029	0.0593	0.0006167	++?	2765	2	25880490	275091197	ASXL2	ASXL2
rs10469884	t	g	0.2906	0.0007	0.2021	0.0610	0.000924	++?	2739	2	25955136	275165843	ASXL2	ASXL2
rs6735685	t	g	0.3279	0.0058	-0.2029	0.0598	0.000686	--?	2755	2	25981394	275192101		ASXL2
rs6732186	t	c	0.6723	0.0057	0.2001	0.0602	0.0008793	++?	2745	2	25989756	275200463		ASXL2
rs207408	a	g	0.2231	0.0000	-0.4750	0.1430	0.0008937	??-	625	2	31391322	280602029		EHD3
rs207412	a	c	0.3649	0.0000	-0.4041	0.1214	0.0008747	??-	632	2	31392327	280603034		EHD3
rs207418	t	g	0.4403	0.0000	-0.4515	0.1154	9.153e-05	??-	617	2	31395767	280606474		EHD3
rs12992095	a	c	0.2214	0.0008	-0.2389	0.0684	0.000476	--?	2757	2	32515047	281725754	BIRC6	BIRC6
rs17428810	t	c	0.6680	0.0000	0.4257	0.1173	0.0002856	+??	735	2	32736043	281946750	BIRC6	BIRC6
rs6746467	t	c	0.9722	0.0000	1.2940	0.3734	0.0005302	??+	631	2	45783803	294994510	PRKCE	PRKCE
rs6544843	t	c	0.0284	0.0000	-1.2030	0.3636	0.0009363	??-	630	2	45798199	295008906	PRKCE	PRKCE
rs2099498	a	c	0.1209	0.0000	0.6560	0.1927	0.0006616	??+	631	2	52033414	301244121		NRXN1
rs13019963	a	t	0.8736	0.0000	-0.6570	0.1881	0.0004794	??-	632	2	52050904	301261611		NRXN1
rs2288682	t	c	0.4344	0.0032	0.1862	0.0560	0.0008943	++?	2761	2	54827989	304038696		EML6
rs12713280	t	c	0.2634	0.0076	0.3323	0.0890	0.0001878	+?+	1355	2	54934880	304145587	EML6	EML6
rs13390007	a	g	0.7476	0.0000	-0.4581	0.1221	0.0001747	-??	735	2	55097645	304308352	EML6	EML6
rs12622457	t	c	0.7099	0.0000	0.4531	0.1265	0.0003397	??+	628	2	57335793	306546500		VRK2
rs12233229	t	g	0.1605	0.0000	-0.5556	0.1573	0.0004124	-??	735	2	66170081	315380788		MEIS1
rs6710683	t	g	0.6224	0.0000	-0.3710	0.1122	0.0009396	-??	735	2	72105601	321316308	RPS20P10	CYP26B1
rs1666769	t	c	0.6886	0.0013	-0.2833	0.0852	0.0008772	-?-	1365	2	79078195	328288902	REG3G	REG3G
rs1344375	t	c	0.9044	0.0057	0.4165	0.1002	3.207e-05	++?	2763	2	80508405	329719112	CTNNA2	CTNNA2
rs6543330	t	c	0.6961	0.0000	-0.4423	0.1287	0.0005904	??-	616	2	98139936	347350643	VWA3B	VWA3B
rs11694694	t	c	0.5087	0.0000	0.4118	0.1201	0.0006036	??+	631	2	105201449	354412156	GPR45	GPR45
rs1319922	t	c	0.7914	0.0102	-0.2430	0.0671	0.0002957	--?	2761	2	126291398	375502105		GYPC
rs6726563	t	g	0.4533	0.0030	-0.2080	0.0515	5.457e-05	---	3372	2	126296886	375507593		GYPC
rs13396428	a	g	0.1953	0.0012	-0.3640	0.1019	0.0003549	-?-	1366	2	126350273	375560980		GYPC
rs744373	t	c	0.7051	0.0099	-0.2301	0.0618	0.0001975	--?	2714	2	127611085	376821792	BIN1	BIN1
rs2059974	t	g	0.4336	0.0000	0.4450	0.1238	0.0003256	??+	632	2	137373553	386584260	THSD7B	THSD7B
rs515093	a	g	0.2709	0.0000	0.4668	0.1348	0.0005342	??+	628	2	137423495	386634202	THSD7B	THSD7B
rs524398	a	g	0.4220	0.0000	0.4979	0.1259	7.622e-05	??+	626	2	137431729	386642436	THSD7B	THSD7B
rs4954454	a	c	0.4190	0.0000	0.4398	0.1242	0.0003986	??+	630	2	137444994	386655701	THSD7B	THSD7B
rs1344713	t	c	0.4248	0.0000	0.4503	0.1258	0.0003436	??+	625	2	137445495	386656202	THSD7B	THSD7B
rs574135	a	g	0.4169	0.0000	0.4235	0.1239	0.0006285	??+	632	2	137456590	386667297	THSD7B	THSD7B
rs2889176	a	g	0.1439	0.0000	0.6193	0.1795	0.0005606	??+	632	2	138583457	387794164		HNMT
rs12620507	a	c	0.1432	0.0000	0.6069	0.1794	0.000717	??+	632	2	138594802	387805509		HNMT
rs4954786	a	g	0.6764	0.0000	-0.2370	0.0697	0.0006739	?-?	2018	2	140077226	389287933	MRPS18BP2	NXPH2
rs1837162	a	g	0.6769	0.0004	-0.2221	0.0598	0.0002024	--?	2749	2	140143098	389353805	MRPS18BP2	NXPH2
rs11901153	a	g	0.4408	0.0000	-0.4019	0.1087	0.0002182	-??	735	2	141286875	390497582	LRP1B	LRP1B
rs3771603	a	g	0.4208	0.0006	0.1961	0.0567	0.0005417	++?	2760	2	159119666	408330373	PKP4	PKP4
rs1355421	t	c	0.1166	0.0000	-0.6552	0.1837	0.0003625	??-	632	2	160621464	409832171	PLA2R1	PLA2R1
rs4665146	t	g	0.1491	0.0000	-0.6191	0.1654	0.0001826	??-	632	2	160624329	409835036		
rs16844742	a	t	0.8505	0.0000	0.6120	0.1655	0.0002165	??+	632	2	160639530	409850237	PLA2R1	PLA2R1
rs7573469	a	g	0.8501	0.0000	0.6111	0.1651	0.0002139	??+	631	2	160653973	409864680	PLA2R1	PLA2R1
rs4435421	t	c	0.3092	0.0025	0.1989	0.0551	0.0003025	+++	3386	2	172823460	422034167		DLX2
rs2366366	t	c	0.6231	0.0008	0.2037	0.0581	0.0004501	++?	2757	2	178701459	427912166	RBM45	RBM45
rs1441162	a	c	0.0678	0.0000	-0.7724	0.2308	0.0008199	??-	624	2	182163022	431373729	CERKL	CERKL
rs6433927	c	g	0.0694	0.0000	-0.8153	0.2325	0.0004549	??-	630	2	182194410	431405117	CERKL	CERKL
rs16833765	a	g	0.7544	0.0000	-0.4101	0.1234	0.0008874	-??	735	2	192340920	441551627	RNU6-1045P	NABP1
rs2667159	t	g	0.7961	0.0000	-0.5502	0.1536	0.0003397	??-	617	2	195676383	444887090		SLC39A10
rs4675542	c	g	0.2228	0.0000	0.5479	0.1449	0.0001556	??+	631	2	206353492	455564199	NRP2	NRP2
rs10490759	t	c	0.1087	0.0101	-0.3273	0.0942	0.000513	--?	2765	2	217848380	467059087		
rs6754024	t	g	0.1644	0.0052	0.2409	0.0679	0.0003902	+++	3386	2	222870268	472080975	PAX3	PAX3
rs12694605	t	c	0.8827	0.0000	-0.7121	0.1926	0.0002173	??-	632	2	223885394	473096101	RN7SL807P	KCNE4
rs16865241	a	c	0.1038	0.0000	0.6820	0.2068	0.0009738	??+	630	2	224397904	473608611	AP1S3	AP1S3
rs7607972	t	c	0.7057	0.0000	0.4425	0.1313	0.0007544	??+	627	2	224713560	473924267		SERPINE2
rs10498224	t	c	0.9384	0.0042	-0.4053	0.1140	0.0003792	--?	2754	2	228497825	477708532		DAW1
rs6743476	a	g	0.2823	0.0000	-0.4276	0.1243	0.0005839	-??	735	2	230992756	480203463		SLC16A14
rs6437070	a	g	0.4705	0.0000	-0.4116	0.1165	0.0004109	??-	630	2	233174091	482384798		EFHD1
rs4663128	a	c	0.6349	0.0000	0.4158	0.1193	0.0004921	??+	627	2	234881472	484092179		ARL4C
rs1946949	t	c	0.3254	0.0074	-0.2009	0.0541	0.0002035	---	3395	2	235425331	484636038		SH3BP4
rs1353825	t	c	0.2660	0.0000	-0.4739	0.1265	0.000179	-??	735	3	1338259	493593113	CNTN6	CNTN6
rs17194476	t	c	0.1544	0.0004	0.2823	0.0771	0.0002517	++?	2765	3	2512916	494767770	CNTN4	CNTN4
rs9828150	a	g	0.5637	0.0010	0.1958	0.0564	0.0005165	++?	2763	3	2518302	494773156	CNTN4	CNTN4
rs1349312	a	g	0.7889	0.0010	-0.2235	0.0669	0.0008272	--?	2764	3	3618141	495872995		LRRN1
rs17043569	a	c	0.1198	0.0056	-0.2924	0.0794	0.0002317	---	3398	3	5806606	498061460		
rs2596622	t	c	0.7480	0.0000	0.4873	0.1378	0.0004047	??+	629	3	24179896	516434750	THRB	THRB
rs2683536	c	g	0.7514	0.0000	0.5099	0.1371	0.0001992	??+	629	3	24191365	516446219	THRB	THRB
rs7652444	t	c	0.3291	0.0000	0.4752	0.1260	0.0001619	??+	630	3	24195771	516450625	THRB	THRB
rs6786365	t	g	0.3677	0.0000	0.4234	0.1232	0.0005904	??+	626	3	24201674	516456528	THRB	THRB
rs13067380	t	c	0.7852	0.0000	-0.5154	0.1500	0.0005882	??-	632	3	24204062	516458916	THRB	THRB
rs1505302	c	g	0.3628	0.0000	0.4209	0.1210	0.0005033	??+	630	3	24207436	516462290	THRB	THRB
rs6797693	t	c	0.6282	0.0000	-0.4049	0.1212	0.0008378	??-	632	3	24212954	516467808	THRB	THRB
rs17605724	t	c	0.9150	0.0000	0.7249	0.2127	0.0006544	??+	627	3	29608161	521863015	RBMS3	RBMS3
rs7636993	a	g	0.1258	0.0053	0.2533	0.0760	0.0008529	+++	3368	3	36421322	528676176	STAC	STAC
rs6441963	a	g	0.3415	0.0000	-0.4344	0.1296	0.0008023	??-	615	3	46329843	538584697	UQCRC2P1	CCR2
rs11921930	a	g	0.2016	0.0068	0.3210	0.0974	0.0009849	+?+	1353	3	50872404	543127258	DOCK3	DOCK3
rs17709697	a	g	0.1238	0.0000	0.5355	0.1584	0.0007249	+??	735	3	55262928	547517782		WNT5A
rs1795651	a	g	0.2945	0.0049	0.1793	0.0545	0.0009994	+++	3392	3	55514600	547769454		WNT5A
rs11707184	t	c	0.2223	0.0038	-0.3218	0.0953	0.0007342	-?-	1367	3	62316084	554570938	PTPRG-AS1	FEZF2
rs704265	t	g	0.4312	0.0092	0.1878	0.0559	0.0007807	++?	2760	3	71783412	564038266		FOXP1
rs7634316	c	g	0.3415	0.0000	-0.4398	0.1269	0.0005302	??-	630	3	73024142	565278996	GXYLT2	GXYLT2
rs16860720	a	g	0.9430	0.0000	-0.7966	0.2375	0.0007965	-??	719	3	112975021	605229875	BOC	BOC
rs9865965	t	c	0.3338	0.0000	0.3964	0.1184	0.000814	+??	734	3	113450495	605705349	NAA50	NAA50
rs3109032	a	g	0.2392	0.0038	-0.2263	0.0655	0.000552	--?	2765	3	113656323	605911177	BTLA	BTLA
rs721363	t	c	0.7617	0.0035	0.2324	0.0657	0.0004057	++?	2759	3	113659820	605914674	BTLA	BTLA
rs1921494	a	c	0.9022	0.0016	0.3382	0.0984	0.0005858	++?	2748	3	115869253	608124107	ZBTB20	ZBTB20
rs2951800	a	g	0.9059	0.0064	0.3700	0.0991	0.0001898	++?	2760	3	115951889	608206743	ZBTB20	ZBTB20
rs9683251	a	c	0.9073	0.0045	0.4011	0.1036	0.0001086	?++	2654	3	115954509	608209363	ZBTB20	ZBTB20
rs4368499	a	g	0.3844	0.0000	0.4176	0.1194	0.0004705	??+	632	3	117133092	609387946	LSAMP	LSAMP
rs6762782	t	c	0.3672	0.0000	0.4274	0.1251	0.0006355	??+	628	3	123388347	615643201	CASR	CASR
rs1847029	t	c	0.6302	0.0000	-0.4286	0.1241	0.0005503	??-	630	3	123390184	615645038	CASR	CASR
rs4267608	t	c	0.1738	0.0000	0.5634	0.1652	0.0006473	??+	626	3	127163190	619418044		ROPN1B
rs4441610	c	g	0.1773	0.0000	0.5307	0.1609	0.0009738	??+	631	3	127163997	619418851		ROPN1B
rs9868833	a	g	0.0522	0.0000	-0.9442	0.2681	0.0004283	??-	629	3	127624601	619879455	CCDC37	CCDC37
rs9831813	a	g	0.1071	0.0033	-0.3115	0.0926	0.0007716	--?	2762	3	129961232	622216086	RAB7A	RAB7A
rs3772158	t	g	0.8996	0.0038	0.3184	0.0966	0.0009843	++?	2700	3	129998832	622253686	RAB7A	RAB7A
rs12637073	a	g	0.1055	0.0007	-0.3378	0.0937	0.0003134	--?	2760	3	133666251	625921105	DNAJC13	DNAJC13
rs2088713	t	g	0.1032	0.0026	-0.3437	0.0945	0.0002762	--?	2765	3	133766835	626021689	ACAD11	ACAD11
rs10935023	t	c	0.1004	0.0033	-0.3230	0.0958	0.00075	--?	2763	3	133833152	626088006	ACAD11	ACAD11
rs1426053	a	g	0.5000	0.0000	0.3937	0.1108	0.0003794	+??	734	3	139619069	631873923	CLSTN2	CLSTN2
rs2162652	t	g	0.8046	0.0078	0.2332	0.0706	0.0009659	++?	2762	3	141651667	633906521		CLSTN2
AFFX-SNP_1858296__rs1242074	a	c	0.3166	0.0000	0.4819	0.1320	0.0002622	??+	630	3	144850193	637105047		
rs1242074	a	c	0.3229	0.0042	0.3270	0.0855	0.000132	+?+	1364	3	144850193	637105047	SLC9A9	SLC9A9
rs9289708	a	c	0.8309	0.0006	-0.3621	0.1085	0.0008432	-?-	1358	3	147169995	639424849		
rs9879450	t	g	0.2538	0.0025	-0.2205	0.0645	0.0006331	--?	2765	3	148078142	640332996		PLSCR5
rs13081004	a	g	0.2589	0.0000	0.4173	0.1217	0.000608	+??	734	3	154549231	646804085		MME
rs11924507	t	g	0.2463	0.0000	0.4285	0.1229	0.0004903	+??	735	3	154559907	646814761		MME
rs13097095	a	g	0.7599	0.0000	-0.4147	0.1241	0.0008348	-??	735	3	154564502	646819356		MME
rs12496424	t	c	0.5690	0.0000	0.3765	0.1124	0.0008052	+??	732	3	161893088	654147942	TOMM22P6	OTOL1
rs4894536	a	g	0.6139	0.0000	0.3845	0.1168	0.0009983	??+	631	3	172539528	664794382	TNIK	TNIK
rs10513789	t	g	0.8058	0.0046	-0.2390	0.0701	0.0006466	--?	2706	3	184242767	676497621	MCCC1	MCCC1
rs2231223	a	g	0.0290	0.0000	-1.2410	0.3730	0.0008779	??-	629	3	185383886	677638740	AP2M1	AP2M1
rs9847739	a	g	0.3911	0.0100	0.2706	0.0795	0.0006687	+?+	1366	3	186573513	678828367	MAP3K13	MAP3K13
rs9851525	t	c	0.2958	0.0000	-0.4015	0.1198	0.0008023	-??	732	3	188152306	680407160	LPP	LPP
rs7611312	t	g	0.6037	0.0000	0.3870	0.1100	0.0004365	+??	733	3	188155409	680410263	LPP	LPP
rs6789434	t	c	0.2229	0.0000	-0.5243	0.1396	0.0001733	??-	625	3	195560854	687815708	LRRC15	LRRC15
rs9682541	t	c	0.2216	0.0000	-0.5129	0.1387	0.0002182	??-	629	3	195561991	687816845	LRRC15	LRRC15
rs1134986	a	g	0.1364	0.0000	0.3124	0.0927	0.0007544	?+?	2027	3	198349639	690604493	DLG1	DLG1
rs12509340	a	g	0.8735	0.0000	0.6295	0.1805	0.0004866	+??	735	4	2688719	694260907	FAM193A	FAM193A
rs12509447	a	g	0.2211	0.0000	-0.5135	0.1375	0.0001885	-??	735	4	2861090	694433278	ADD1	ADD1
rs6446731	a	g	0.3061	0.0000	-0.5587	0.1245	7.156e-06	-??	735	4	3284751	694856939	RGS12	RGS12
rs3129317	t	c	0.5770	0.0000	0.4834	0.1138	2.167e-05	+??	734	4	3287655	694859843	RGS12	RGS12
rs12648723	a	g	0.3434	0.0264	0.3071	0.0853	0.0003168	+?+	1358	4	3368188	694940376	RGS12	RGS12
rs16844212	t	c	0.2748	0.0000	-0.4437	0.1276	0.0005052	-??	735	4	3369099	694941287	RGS12	RGS12
rs12641989	a	g	0.1214	0.0241	-0.5267	0.1348	9.336e-05	-?+	1363	4	3389638	694961826	RGS12	RGS12
rs6852186	t	c	0.3612	0.0000	0.4739	0.1143	3.398e-05	+??	735	4	3405165	694977353	RGS12	RGS12
rs10027926	a	g	0.1480	0.0000	-1.2530	0.1918	6.404e-11	-??	733	4	3414654	694986842	RGS12	RGS12
rs874418	t	c	0.2101	0.0000	-0.6386	0.1457	1.176e-05	-??	733	4	3442069	695014257	HGFAC	HGFAC
rs16844383	t	c	0.2425	0.0000	-0.7690	0.1416	5.604e-08	-??	734	4	3447243	695019431	HGFAC	HGFAC
rs16844401	a	g	0.0405	0.0000	0.9966	0.2817	0.0004032	+??	729	4	3449652	695021840	HGFAC	HGFAC
rs6842419	a	g	0.1673	0.0000	-0.8519	0.1662	2.944e-07	-??	735	4	3477299	695049487	DOK7	DOK7
rs7672287	a	c	0.7706	0.0057	0.1977	0.0597	0.0009245	+++	3389	4	3505800	695077988	LRPAP1	LRPAP1
rs1884411	c	g	0.3318	0.0000	0.4446	0.1284	0.0005362	??+	625	4	3636282	695208470		LINC00955
rs10017186	t	c	0.2721	0.0000	-0.4073	0.1232	0.0009498	-??	735	4	4394618	695966806		
rs12499371	a	g	0.7027	0.0000	0.4598	0.1323	0.000509	??+	628	4	26120387	717692575	CCKAR	CCKAR
rs11934353	a	c	0.7582	0.0000	-0.4028	0.1221	0.0009703	-??	734	4	32135803	723707991		PCDH7
rs2995917	a	g	0.7551	0.0000	0.4571	0.1299	0.0004315	+??	735	4	37908211	729480399	TBC1D1	TBC1D1
rs12511756	a	g	0.6986	0.0000	-0.3922	0.1120	0.0004618	-??	735	4	37921167	729493355	TBC1D1	TBC1D1
rs6819364	a	g	0.0862	0.0000	0.8032	0.2299	0.0004776	??+	625	4	43189963	734762151		GRXCR1
rs13117635	t	c	0.1140	0.0000	0.7011	0.2001	0.0004583	??+	627	4	43218056	734790244		GRXCR1
rs6816994	a	c	0.0953	0.0000	0.7290	0.2188	0.0008622	??+	632	4	43235612	734807800		GRXCR1
rs4383648	t	c	0.0941	0.0000	0.7290	0.2188	0.0008622	??+	632	4	43254197	734826385		GRXCR1
rs12641223	a	c	0.1176	0.0000	0.6753	0.1980	0.0006473	??+	630	4	43266400	734838588		GRXCR1
rs1434800	c	g	0.0918	0.0000	0.7415	0.2233	0.0009002	??+	620	4	43325446	734897634	RN7SL691P	GRXCR1
rs2013357	a	c	0.1243	0.0000	0.7192	0.1930	0.0001945	??+	622	4	43329724	734901912	RN7SL691P	GRXCR1
rs11729838	a	g	0.1238	0.0000	0.6696	0.1893	0.0004047	??+	630	4	43341285	734913473	RN7SL691P	GRXCR1
rs1072261	a	g	0.1340	0.0000	0.6692	0.1818	0.0002323	??+	626	4	43366484	734938672	RN7SL691P	GRXCR1
rs1594933	t	g	0.8684	0.0000	-0.7159	0.1859	0.0001172	??-	616	4	43381720	734953908	RN7SL691P	KCTD8
rs996129	t	c	0.7447	0.0036	0.2175	0.0658	0.0009464	++?	2754	4	46117086	737689274		GABRA2
rs3923477	a	g	0.5297	0.0093	0.1724	0.0508	0.0006887	+++	3391	4	56294720	747866908	RNU6-276P	NMU
rs6813173	a	g	0.8020	0.0008	-0.2421	0.0700	0.0005464	--?	2763	4	61604723	753176911		LPHN3
rs1384720	a	c	0.9555	0.0000	1.0890	0.3281	0.0009034	+??	730	4	65275649	756847837	TECRL	TECRL
rs17004882	t	g	0.9392	0.0000	-1.0060	0.2779	0.0002946	??-	630	4	81447315	773019503	FGF5	FGF5
rs7655270	a	g	0.9382	0.0000	-0.9913	0.2717	0.0002643	??-	631	4	81448611	773020799	FGF5	FGF5
rs17005922	c	g	0.1983	0.0000	0.5129	0.1512	0.0006913	??+	632	4	83774840	775347028	SCD5	SCD5
rs17005923	a	g	0.1972	0.0000	0.5144	0.1507	0.0006425	??+	625	4	83774898	775347086	SCD5	SCD5
rs6812648	t	c	0.1994	0.0000	0.5264	0.1513	0.0005014	??+	631	4	83783560	775355748	SCD5	SCD5
rs17005974	t	c	0.7975	0.0000	-0.5114	0.1508	0.0006964	??-	631	4	83788085	775360273	SCD5	SCD5
rs17005996	a	g	0.8008	0.0000	-0.5227	0.1512	0.0005462	??-	632	4	83789324	775361512	SCD5	SCD5
rs542604	a	c	0.0971	0.0000	0.8079	0.2145	0.0001652	??+	631	4	84640601	776212789	FAM175A	FAM175A
rs17352894	t	g	0.0954	0.0000	0.8468	0.2187	0.0001079	??+	631	4	84642861	776215049	FAM175A	FAM175A
rs11734158	t	c	0.7623	0.0042	-0.3193	0.0959	0.000874	-?-	1359	4	84717243	776289431	AGPAT9	AGPAT9
rs17006888	a	g	0.2295	0.0000	0.6002	0.1474	4.681e-05	??+	616	4	84722399	776294587	AGPAT9	AGPAT9
rs1398942	t	c	0.4628	0.0151	-0.2746	0.0795	0.00055	-?-	1367	4	90149415	781721603	FAM13A	FAM13A
rs1436557	t	c	0.2343	0.0000	0.4666	0.1414	0.0009634	??+	628	4	96954631	788526819	PDHA2	PDHA2
rs2851293	t	c	0.8792	0.0034	-0.3057	0.0847	0.0003058	--?	2763	4	100526401	792098589	ADH1C	ADH7
rs4834758	a	g	0.0319	0.0000	1.6100	0.4563	0.0004187	??+	630	4	120296589	811868777	MYOZ2	MYOZ2
rs1465041	t	c	0.7880	0.0066	-0.2411	0.0607	7.135e-05	---	3363	4	123147736	814719924	TRPC3	TRPC3
rs1546102	t	g	0.4063	0.0018	0.1899	0.0558	0.0006705	++?	2743	4	125609614	817181802	TECRP2	ANKRD50
rs1992600	t	c	0.6806	0.0000	0.4302	0.1211	0.0003823	+??	728	4	146303830	837876018	RTN3P1	SMAD1
rs971337	t	c	0.8184	0.0000	0.4961	0.1477	0.0007851	+??	735	4	157662803	849234991		
rs6855363	t	c	0.6762	0.0000	0.3999	0.1189	0.000771	+??	735	4	157670537	849242725		
rs11132521	a	g	0.3710	0.0011	0.1925	0.0574	0.0007974	++?	2691	4	189318648	880890836		TRIML1
rs2721012	a	c	0.7743	0.0000	0.4978	0.1391	0.0003436	??+	622	5	431413	883171489	AHRR	AHRR
rs261152	a	g	0.1688	0.0046	0.2556	0.0739	0.0005458	++?	2762	5	4401614	887141690		IRX1
rs261139	a	g	0.1700	0.0046	0.2561	0.0734	0.0004831	++?	2765	5	4413537	887153613		IRX1
rs484696	t	c	0.3666	0.0006	-0.2684	0.0804	0.000848	-?-	1364	5	4970365	887710441		ADAMTS16
rs2578552	a	g	0.3445	0.0027	0.2402	0.0589	4.502e-05	++?	2696	5	5489609	888229685		
rs2578500	a	g	0.6551	0.0029	-0.2243	0.0587	0.0001323	--?	2757	5	5515148	888255224	KIAA0947	KIAA0947
rs252938	a	g	0.6387	0.0012	-0.2099	0.0574	0.0002552	--?	2751	5	5549480	888289556	KIAA0947	KIAA0947
rs2619855	a	g	0.6466	0.0051	-0.2082	0.0580	0.0003273	--?	2763	5	5557842	888297918	KIAA0947	KIAA0947
rs6873870	c	g	0.9518	0.0000	-1.0630	0.2994	0.0003838	??-	628	5	11110249	893850325	CTNND2	CTNND2
rs26286	t	g	0.4568	0.0049	0.2726	0.0794	0.0005975	+?+	1347	5	14219402	896959478	TRIO	TRIO
rs2619939	t	c	0.1180	0.0036	-0.3149	0.0906	0.0005066	--?	2753	5	25837347	908577423	RNU6-374P	CDH10
rs451787	a	g	0.1491	0.0069	-0.2687	0.0805	0.0008483	--?	2763	5	25855082	908595158	MSNP1	CDH10
rs9790969	t	c	0.6693	0.0000	-0.2182	0.0592	0.0002278	--?	2761	5	29502687	912242763		CDH6
rs625812	a	g	0.6171	0.0016	0.1864	0.0523	0.0003674	+++	3355	5	29536062	912276138	UBL5P1	CDH6
rs6860062	a	g	0.2593	0.0040	-0.2245	0.0648	0.0005298	--?	2757	5	29582627	912322703	UBL5P1	CDH6
rs7729292	a	g	0.3472	0.0145	0.2022	0.0576	0.0004506	++?	2744	5	33327116	916067192		TARS
rs17441217	t	c	0.2332	0.0000	-0.4609	0.1396	0.0009634	??-	629	5	59004600	941744676	PDE4D	PDE4D
rs16893364	a	g	0.8296	0.0037	0.2513	0.0761	0.000962	++?	2740	5	64408653	947148729		CWC27
rs1547454	a	g	0.7769	0.0064	0.2583	0.0686	0.0001676	++?	2762	5	64621377	947361453	ADAMTS6	ADAMTS6
rs6866187	t	c	0.6920	0.0097	-0.2221	0.0608	0.0002608	--?	2765	5	64639629	947379705		
rs2307121	t	c	0.3369	0.0088	0.1931	0.0525	0.0002327	+++	3377	5	64661268	947401344	ADAMTS6	ADAMTS6
rs10038927	a	g	0.6639	0.0103	-0.2036	0.0524	0.000101	---	3381	5	64685272	947425348	ADAMTS6	ADAMTS6
rs10072196	t	c	0.4000	0.0000	-0.3967	0.1160	0.0006262	??-	619	5	65664657	948404733		SREK1
rs6878264	t	c	0.1417	0.0001	0.2746	0.0790	0.0005083	++?	2763	5	79343508	962083584	THBS4	THBS4
rs385771	t	c	0.8287	0.0011	-0.2311	0.0654	0.0004141	---	3392	5	79356433	962096509	THBS4	THBS4
rs2288394	t	c	0.2361	0.0012	0.2408	0.0643	0.0001805	++?	2739	5	79409559	962149635		THBS4
rs2118732	a	g	0.1341	0.0001	0.3436	0.0811	2.248e-05	++?	2755	5	79419032	962159108		THBS4
rs7446719	t	g	0.2778	0.0000	-0.4647	0.1362	0.0006449	??-	622	5	91467629	974207705		ARRDC3
rs7445639	a	c	0.2812	0.0000	-0.4749	0.1349	0.0004315	??-	625	5	91496837	974236913		ARRDC3
rs13361289	a	g	0.5106	0.0000	-0.4118	0.1232	0.0008288	??-	620	5	91524973	974265049		ARRDC3
rs258960	a	g	0.8441	0.0052	-0.2701	0.0758	0.0003672	--?	2742	5	92135559	974875635		NR2F1
rs9327952	a	g	0.1942	0.0002	-0.2433	0.0719	0.0007079	--?	2765	5	105237124	987977200	RNA5SP189	EFNA5
rs2624473	a	g	0.0711	0.0000	-0.7841	0.2242	0.0004705	??-	631	5	116766067	999506143	LINC00992	SEMA6A
rs2624448	t	c	0.9461	0.0000	0.9346	0.2633	0.0003867	??+	620	5	116774431	999514507	LINC00992	SEMA6A
rs2624555	c	g	0.0550	0.0000	-0.8668	0.2602	0.0008653	??-	617	5	116781070	999521146		
rs2624546	a	g	0.9457	0.0000	0.8879	0.2598	0.0006332	??+	624	5	116783595	999523671	LINC00992	SEMA6A
rs2560524	a	t	0.9493	0.0000	0.9515	0.2736	0.0005052	??+	605	5	116803963	999544039	LINC00992	SEMA6A
rs888769	t	c	0.2667	0.0036	-0.2468	0.0646	0.0001337	--?	2763	5	118653232	1001393308	TNFAIP8	TNFAIP8
rs7707487	a	g	0.7691	0.0000	0.4950	0.1352	0.0002503	+??	734	5	128891688	1011631764	ADAMTS19	ADAMTS19
rs173490	t	c	0.7687	0.0000	0.4421	0.1338	0.0009498	+??	735	5	129021869	1011761945		ADAMTS19
rs2080946	t	c	0.4514	0.0165	-0.2815	0.0812	0.0005292	-?-	1361	5	129139295	1011879371		KIAA1024L
rs2112564	t	c	0.5574	0.0188	0.2820	0.0816	0.0005443	+?+	1362	5	129187443	1011927519		KIAA1024L
rs26417	t	c	0.4054	0.0000	-0.3847	0.1144	0.0007682	-??	735	5	129242068	1011982144	CHSY3	CHSY3
rs32231	a	g	0.3315	0.0000	-0.3976	0.1193	0.0008591	-??	727	5	129247105	1011987181	CHSY3	CHSY3
rs244741	a	g	0.6782	0.0000	0.4582	0.1217	0.0001665	+??	735	5	129262287	1012002363	CHSY3	CHSY3
rs3866900	a	c	0.4103	0.0000	-0.4275	0.1136	0.0001686	-??	730	5	129264789	1012004865	CHSY3	CHSY3
rs4530793	a	g	0.4129	0.0000	0.3753	0.1097	0.0006239	+??	735	5	129279813	1012019889	CHSY3	CHSY3
rs244748	t	c	0.5649	0.0205	0.3092	0.0821	0.0001642	+?+	1367	5	129284848	1012024924	CHSY3	CHSY3
rs6864481	a	g	0.3985	0.0000	-0.4394	0.1150	0.0001329	-??	734	5	129315115	1012055191	CHSY3	CHSY3
rs13161173	t	g	0.3170	0.0000	-0.5238	0.1256	3.019e-05	-??	716	5	129362444	1012102520	CHSY3	CHSY3
rs4146658	t	g	0.5966	0.0000	0.4675	0.1161	5.698e-05	+??	735	5	129372263	1012112339	CHSY3	CHSY3
rs13359961	a	g	0.5868	0.0160	0.3706	0.0837	9.457e-06	+?+	1365	5	129384751	1012124827	CHSY3	CHSY3
rs10478909	t	c	0.7562	0.0000	0.5055	0.1342	0.0001652	+??	730	5	129445811	1012185887	CHSY3	CHSY3
rs6862930	a	g	0.5442	0.0000	0.3743	0.1115	0.0007908	+??	735	5	129452658	1012192734	CHSY3	CHSY3
rs6595936	a	g	0.5806	0.0179	0.3431	0.0842	4.619e-05	+?+	1358	5	129453784	1012193860	CHSY3	CHSY3
rs1494666	a	g	0.2524	0.0020	-0.3520	0.0924	0.0001391	-?-	1363	5	132833341	1015573417	FSTL4	FSTL4
rs6868474	t	g	0.2739	0.0017	0.2046	0.0558	0.0002445	+++	3395	5	134924354	1017664430		CXCL14
rs740002	a	g	0.6426	0.0145	0.1931	0.0585	0.0009659	++?	2745	5	135273676	1018013752		IL9
rs702390	t	c	0.4455	0.0033	0.1893	0.0557	0.0006722	++?	2762	5	140422393	1023162469	PCDHB1	PCDHB1
rs13169445	a	g	0.8551	0.0000	-0.5424	0.1471	0.0002269	-??	735	5	142571720	1025311796	ARHGAP26	ARHGAP26
rs6864988	t	c	0.8551	0.0000	-0.5424	0.1471	0.0002269	-??	735	5	142579766	1025319842	ARHGAP26	ARHGAP26
rs13187585	t	c	0.5286	0.0000	0.3636	0.1086	0.000814	+??	735	5	147311794	1030051870	EEF1GP2	C5orf46
rs12055015	t	c	0.1118	0.0000	0.6512	0.1960	0.0008905	??+	620	5	154072097	1036812173	LARP1	LARP1
rs2562323	t	c	0.6707	0.0000	0.3826	0.1161	0.0009842	+??	735	5	162155511	1044895587	ARL2BPP5	GABRG2
rs1288205	t	c	0.3190	0.0087	-0.2137	0.0597	0.0003397	--?	2751	5	162164936	1044905012	ARL2BPP5	CCNG1
rs2422269	t	c	0.2952	0.0000	-0.4384	0.1198	0.0002542	-??	735	5	162204206	1044944282	ARL2BPP5	CCNG1
rs11746584	t	c	0.9371	0.0000	-0.7414	0.2205	0.0007738	-??	715	5	177667642	1060407718	COL23A1	COL23A1
rs2569861	t	c	0.2369	0.0087	0.3815	0.0963	7.423e-05	+?+	1363	6	1584799	1065015812	GMDS	GMDS
rs1570535	a	g	0.6707	0.0029	-0.2369	0.0590	5.96e-05	--?	2741	6	1858137	1065289150	GMDS	GMDS
rs849051	a	g	0.3740	0.0000	-0.3992	0.1163	0.0005991	??-	631	6	6464184	1069895197	LY86-AS1	LY86
rs663716	t	c	0.7143	0.0000	0.4098	0.1241	0.0009566	+??	735	6	8278455	1071709468		SLC35B3
rs9885748	a	c	0.1341	0.0000	-0.5937	0.1770	0.0007965	??-	627	6	18479926	1081910939	RNF144B	RNF144B
rs4716289	a	g	0.2966	0.0000	-0.4523	0.1241	0.0002674	-??	735	6	18582886	1082013899	MIR548A1	RNF144B
rs12202023	t	c	0.7912	0.0151	-0.2187	0.0612	0.0003506	---	3363	6	19459543	1082890556	RPL5P20	ID4
rs6908024	a	g	0.8817	0.0005	0.2926	0.0888	0.0009833	++?	2764	6	27634876	1091065889		ZNF184
rs2143082	a	g	0.8620	0.0026	0.2931	0.0831	0.0004222	++?	2759	6	27709566	1091140579	TRNAI6	ZNF184
rs6906846	a	g	0.3077	0.0052	0.3367	0.0854	8.08e-05	+?+	1365	6	31353715	1094784728	USP8P1	HLA-C
rs1570760	a	g	0.2377	0.0033	-0.2191	0.0665	0.0009776	--?	2738	6	33730911	1097161924	ITPR3	ITPR3
rs12210310	t	c	0.8061	0.0000	0.5120	0.1462	0.0004635	+??	735	6	40950807	1104381820	UNC5CL	UNC5CL
rs6930924	a	g	0.1104	0.0043	-0.3160	0.0932	0.0007003	--?	2760	6	50898592	1114329605	TFAP2B	TFAP2B
rs9381917	a	g	0.1104	0.0061	-0.3339	0.0935	0.0003557	--?	2754	6	51019293	1114450306	FTH1P5	TFAP2B
rs12215345	t	c	0.8796	0.0060	0.3022	0.0886	0.0006454	++?	2760	6	51053949	1114484962	FTH1P5	TFAP2B
rs9370105	a	c	0.2190	0.0000	0.5061	0.1281	7.783e-05	+??	735	6	52066624	1115497637	IL17A	IL17A
rs7739687	a	g	0.7551	0.0000	-0.4632	0.1239	0.0001855	-??	731	6	52072015	1115503028	IL17A	IL17A
rs2179560	t	c	0.7660	0.0000	-0.4388	0.1265	0.0005205	-??	735	6	52088183	1115519196	IL17F	IL17F
rs1999673	a	c	0.1426	0.0010	0.2687	0.0785	0.0006204	++?	2766	6	52185943	1115616956	IL17A	IL17A
rs9370410	a	g	0.7290	0.0001	-0.2080	0.0629	0.0009521	--?	2727	6	55279801	1118710814	GFRAL	GFRAL
rs11753813	t	c	0.3174	0.0054	-0.2054	0.0609	0.000738	--?	2759	6	56453296	1119884309	DST	DST
rs10943643	a	g	0.3614	0.0145	-0.1967	0.0582	0.0007198	--?	2744	6	64029913	1127460926		FKBP1C
rs16880108	t	c	0.7503	0.0000	-0.4914	0.1418	0.0005283	??-	627	6	65330216	1128761229	EYS	EYS
rs9346415	a	g	0.1605	0.0000	-0.5702	0.1615	0.000414	-??	735	6	71723390	1135154403	B3GAT2	B3GAT2
rs2092836	a	g	0.1612	0.0000	-0.5528	0.1608	0.0005882	-??	735	6	71733748	1135164761		B3GAT2
rs9294264	t	c	0.0799	0.0029	-0.5086	0.1092	3.186e-06	--?	2762	6	83608343	1147039356	LAP3P1	UBE3D
rs1040544	a	g	0.5537	0.0067	0.2311	0.0555	3.173e-05	++?	2757	6	83631110	1147062123	LAP3P1	UBE3D
rs205352	t	c	0.6906	0.0000	-0.4405	0.1299	0.0006938	??-	614	6	91305939	1154736952	MAP3K7	MAP3K7
rs205351	t	c	0.6836	0.0000	-0.4196	0.1263	0.0008937	??-	620	6	91306072	1154737085	MAP3K7	MAP3K7
rs9351249	a	g	0.9217	0.0000	0.7371	0.2220	0.000897	??+	630	6	91796948	1155227961		MAP3K7
rs9345077	c	g	0.0798	0.0000	-0.8010	0.2231	0.0003294	??-	616	6	91807296	1155238309		MAP3K7
rs6454834	a	t	0.9126	0.0000	0.7309	0.2096	0.0004885	??+	623	6	91811816	1155242829		MAP3K7
rs2674379	a	g	0.0775	0.0000	-0.7984	0.2263	0.0004187	??-	626	6	93546831	1156977844		EPHA7
rs7753594	a	g	0.4050	0.0000	-0.4576	0.1236	0.0002139	??-	624	6	95081989	1158513002		EPHA7
rs10944734	a	g	0.5920	0.0000	0.4284	0.1221	0.0004498	??+	627	6	95083713	1158514726		EPHA7
rs390795	t	g	0.5285	0.0000	0.4770	0.1214	8.53e-05	??+	628	6	95089990	1158521003		EPHA7
rs393340	t	c	0.5275	0.0000	0.4569	0.1245	0.0002435	??+	607	6	95090812	1158521825		EPHA7
rs4557527	a	g	0.8093	0.0000	0.4892	0.1475	0.0009132	??+	627	6	96396813	1159827826	KRT18P50	FUT9
rs6905786	a	g	0.4014	0.0098	0.3095	0.0806	0.0001223	+?+	1364	6	99662477	1163093490	MIR548AI	FBXL4
rs7764141	t	c	0.7927	0.0000	-0.5152	0.1500	0.0005926	??-	632	6	104440481	1167871494	R3HDM2P2	HACE1
rs6910880	a	g	0.3429	0.0000	-0.4054	0.1195	0.0006938	-??	735	6	105845906	1169276919	PREP	PREP
rs9372309	a	t	0.2033	0.0000	-0.5845	0.1423	4.008e-05	??-	628	6	112154291	1175585304	FYN	FYN
rs6938491	a	g	0.0800	0.0010	0.3418	0.1009	0.0007011	++?	2764	6	121956987	1185388000	RNU2-8P	GJA1
rs4401702	a	g	0.1678	0.0061	0.2466	0.0744	0.0009217	++?	2750	6	122288075	1185719088	HMGB3P18	HSF2
rs1321868	c	g	0.1238	0.0000	-0.6124	0.1806	0.0006964	??-	630	6	123945040	1187376053	TRDN	TRDN
rs1890142	a	g	0.2880	0.0069	0.2075	0.0609	0.0006645	++?	2763	6	130332136	1193763149	L3MBTL3	L3MBTL3
rs13193654	a	g	0.9388	0.0000	0.8866	0.2636	0.000771	+??	735	6	130450581	1193881594	L3MBTL3	L3MBTL3
rs9389208	t	c	0.3474	0.0000	-0.4342	0.1205	0.0003146	??-	631	6	135077302	1198508315		ALDH8A1
rs7754387	a	g	0.0862	0.0000	0.7471	0.2240	0.000853	??+	627	6	144131300	1207562313	PHACTR2	PHACTR2
rs17076452	a	g	0.0557	0.0000	0.9531	0.2869	0.0008937	??+	627	6	147309814	1210740827	STXBP5-AS1	STXBP5
rs9322083	a	t	0.9430	0.0000	-0.9916	0.2873	0.0005585	??-	610	6	147331609	1210762622	STXBP5-AS1	STXBP5
rs2630750	c	g	0.6785	0.0000	-0.4132	0.1251	0.00096	??-	626	6	159021915	1222452928	SYTL3	SYTL3
rs2223768	t	c	0.8617	0.0011	-0.2916	0.0788	0.0002159	--?	2762	6	161862009	1225293022	PARK2	PARK2
rs10484505	t	c	0.2721	0.0049	0.2439	0.0628	0.0001017	++?	2761	6	164548965	1227979978		QKI
rs6914589	a	g	0.5739	0.0000	-0.3913	0.1186	0.0009703	??-	632	6	165788279	1229219292	PDE10A	PDE10A
rs2236313	t	c	0.5925	0.0082	-0.1990	0.0514	0.0001094	---	3387	6	167280379	1230711392		
rs3093024	a	g	0.4332	0.0090	-0.1799	0.0511	0.0004287	---	3382	6	167452783	1230883796	CCR6	CCR6
rs17132744	t	c	0.8636	0.0000	-0.5247	0.1572	0.0008438	-??	733	7	2874982	1237214997	GNA12	GNA12
rs1476636	t	c	0.6739	0.0006	0.2276	0.0607	0.0001791	++?	2749	7	2950046	1237290061	CARD11	CARD11
rs6958864	a	g	0.0951	0.0024	-0.3609	0.0999	0.000301	--?	2735	7	4461527	1238801542	CYP3A54P	FOXK1
rs681489	t	c	0.5503	0.0000	0.3974	0.1106	0.0003281	+??	735	7	9745524	1244085539		NDUFA4
rs17576766	t	c	0.2429	0.0000	0.4761	0.1215	8.966e-05	+??	735	7	11677088	1246017103	THSD7A	THSD7A
rs10950444	t	c	0.5199	0.0000	0.4411	0.1098	5.919e-05	+??	702	7	13282527	1247622542		ARL4A
rs7781486	t	c	0.9572	0.0000	-1.1110	0.3325	0.0008348	??-	632	7	16767508	1251107523	TSPAN13	TSPAN13
rs3852253	a	g	0.9520	0.0000	0.9502	0.2836	0.0008052	??+	631	7	18832715	1253172730	HDAC9	HDAC9
rs12531563	t	c	0.1134	0.0013	-0.2934	0.0804	0.0002642	---	3396	7	23609965	1257949980	CCDC126	CCDC126
rs12701041	a	g	0.3912	0.0000	0.3576	0.1065	0.0007879	+??	735	7	30845619	1265185634	FAM188B	FAM188B
rs7779714	t	c	0.3306	0.0000	-0.4101	0.1182	0.0005205	-??	735	7	35398320	1269738335		TBX20
rs273188	t	c	0.4386	0.0021	0.2758	0.0790	0.0004829	+?+	1365	7	41398209	1275738224		INHBA
rs1003876	a	t	0.7783	0.0000	0.4581	0.1370	0.0008288	??+	632	7	42148326	1276488341	GLI3	GLI3
rs3931814	a	g	0.1426	0.0071	-0.2437	0.0734	0.0008984	---	3391	7	48320193	1282660208	ABCA13	ABCA13
rs6945758	a	g	0.2316	0.0000	0.4382	0.1293	0.0006989	+??	734	7	51050007	1285390022		GRB10
rs10236956	a	c	0.5827	0.0000	0.4762	0.1201	7.309e-05	??+	629	7	67287282	1301627297		SBDS
rs6961630	t	c	0.5756	0.0000	-0.4037	0.1197	0.0007408	??-	632	7	67291707	1301631722		SBDS
AFFX-SNP_10070867__rs4718719	t	c	0.5935	0.0000	0.4186	0.1181	0.0003956	??+	632	7	67313706	1301653721		
rs11976873	a	g	0.2063	0.0000	-0.5057	0.1517	0.0008591	??-	629	7	76794066	1311134081	GSAP	GSAP
rs11514908	a	c	0.7936	0.0000	0.5101	0.1509	0.0007249	??+	631	7	76798136	1311138151	GSAP	GSAP
rs12707460	t	c	0.6076	0.0000	-0.3827	0.1119	0.0006262	-??	734	7	81446089	1315786104	HGF	HGF
rs1637499	t	c	0.4699	0.0000	0.3775	0.1133	0.0008653	??+	631	7	87436504	1321776519	ADAM22	ADAM22
rs1637492	t	c	0.4912	0.0000	0.4042	0.1172	0.0005648	??+	619	7	87449051	1321789066	ADAM22	ADAM22
rs6968026	a	g	0.5101	0.0030	-0.2598	0.0785	0.000939	-?-	1364	7	87551861	1321891876	ADAM22	ADAM22
rs2282956	t	g	0.4701	0.0000	0.4021	0.1189	0.0007222	??+	624	7	87562543	1321902558	ADAM22	ADAM22
rs968907	t	c	0.7514	0.0000	-0.4744	0.1369	0.0005283	??-	630	7	89179563	1323519578	RNU6-274P	STEAP1
rs4729053	a	g	0.6088	0.0000	0.3947	0.1164	0.0006964	??+	630	7	92443087	1326783102	RN7SL7P	CDK6
rs10282336	a	g	0.0516	0.0000	-0.9191	0.2707	0.0006863	??-	630	7	97569636	1331909651	LMTK2	LMTK2
rs13241860	a	g	0.0525	0.0000	-0.8924	0.2667	0.0008199	??-	632	7	97580390	1331920405	LMTK2	LMTK2
rs1983496	t	c	0.4814	0.0027	0.1854	0.0556	0.000849	++?	2756	7	120938825	1355278840		FAM3C
rs1881374	a	g	0.6630	0.0032	-0.2071	0.0586	0.0004071	--?	2763	7	120947500	1355287515		FAM3C
rs12538587	a	g	0.9268	0.0012	-0.3228	0.0946	0.0006406	---	3380	7	124387741	1358727756	POT1-AS1	POT1
rs10242944	a	g	0.9034	0.0013	-0.3088	0.0932	0.0009182	--?	2757	7	126435525	1360775540	GRM8	GRM8
rs10954490	t	c	0.6734	0.0000	-0.4229	0.1199	0.0004187	-??	715	7	134964845	1369304860	STRA8	STRA8
rs10258085	a	c	0.1595	0.0000	-0.6307	0.1658	0.0001418	??-	631	7	136074895	1370414910		CHRM2
rs10266414	c	g	0.1566	0.0000	-0.5613	0.1664	0.0007435	??-	631	7	136076699	1370416714		CHRM2
rs17169595	t	g	0.9682	0.0000	-1.4890	0.4278	0.0004995	??-	631	7	137768555	1372108570		TRIM24
rs6951759	a	c	0.4054	0.0000	0.3730	0.1106	0.0007408	+??	735	7	139507568	1373847583	TBXAS1	TBXAS1
rs10253277	a	g	0.4476	0.0000	0.3908	0.1101	0.0003838	+??	735	7	139525978	1373865993	TBXAS1	TBXAS1
rs6952056	t	g	0.5136	0.0000	-0.3636	0.1080	0.0007627	-??	734	7	139542268	1373882283	TBXAS1	TBXAS1
rs4392814	t	c	0.7539	0.0128	-0.3206	0.0923	0.0005156	-?-	1363	7	147067020	1381407035	CNTNAP2	CNTNAP2
rs17417231	t	c	0.2585	0.0000	0.4312	0.1248	0.0005483	+??	735	7	147443216	1381783231	CNTNAP2	CNTNAP2
rs10500192	a	g	0.7435	0.0000	-0.4323	0.1246	0.0005205	-??	735	7	147444123	1381784138	CNTNAP2	CNTNAP2
rs7791979	t	g	0.2626	0.0000	0.4218	0.1242	0.0006838	+??	735	7	147449063	1381789078	CNTNAP2	CNTNAP2
rs10265558	t	c	0.6741	0.0000	-0.4175	0.1160	0.0003207	-??	735	7	147454638	1381794653	CNTNAP2	CNTNAP2
rs4725367	t	c	0.5383	0.0075	0.1726	0.0507	0.0006557	+++	3397	7	150156812	1384496827	AOC1	AOC1
rs4246092	a	g	0.8218	0.0000	0.3020	0.0873	0.0005442	?+?	2029	7	154245412	1388585427	DPP6	DPP6
rs6955098	a	g	0.7303	0.0093	0.2160	0.0644	0.0007903	++?	2765	7	155146041	1389486056	RBM33	RBM33
rs10949732	t	c	0.2700	0.0105	-0.2177	0.0644	0.000726	--?	2758	7	155171500	1389511515	RBM33	RBM33
rs4132701	t	c	0.7308	0.0101	0.2180	0.0645	0.0007197	++?	2765	7	155189392	1389529407	RBM33	RBM33
rs4716543	t	c	0.2689	0.0098	-0.2217	0.0646	0.0006004	--?	2764	7	155192560	1389532575	RBM33	RBM33
rs7786445	t	c	0.2184	0.0000	0.4557	0.1314	0.0005263	+??	735	7	155677943	1390017958		SHH
rs1079359	a	g	0.4080	0.0000	-0.3958	0.1199	0.00096	??-	625	7	157155225	1391495240	PTPRN2	PTPRN2
rs13224453	c	g	0.7497	0.0000	0.4529	0.1353	0.0008169	??+	615	7	157155853	1391495868	PTPRN2	PTPRN2
rs17731604	a	c	0.4739	0.0004	0.2880	0.0798	0.0003072	+?+	1361	7	157157775	1391497790	PTPRN2	PTPRN2
rs6948747	a	t	0.3481	0.0000	-0.4614	0.1261	0.0002542	??-	625	7	157164801	1391504816	PTPRN2	PTPRN2
rs7831085	t	c	0.4014	0.0000	-0.4132	0.1126	0.0002445	-??	735	8	1297333	1394756834		
rs900232	a	g	0.4451	0.0057	0.1832	0.0555	0.0009691	++?	2757	8	3464691	1396924192	CSMD1	CSMD1
rs2954233	t	c	0.9503	0.0000	-0.8417	0.2442	0.0005668	-??	735	8	3667451	1397126952	CSMD1	CSMD1
rs2720736	t	c	0.9197	0.0000	-0.7671	0.2008	0.0001335	-??	735	8	3673819	1397133320	CSMD1	CSMD1
rs11774942	t	c	0.6966	0.0000	0.4394	0.1201	0.0002522	+??	735	8	4452129	1397911630	CSMD1	CSMD1
rs7016292	t	c	0.5067	0.0063	-0.2624	0.0795	0.0009717	-?-	1364	8	5789482	1399248983	RN7SKP159	MCPH1
rs10097354	t	c	0.2291	0.0000	-0.4755	0.1417	0.0007908	??-	628	8	5791804	1399251305	RN7SKP159	MCPH1
rs2703291	a	g	0.7680	0.0000	0.4820	0.1411	0.0006355	??+	628	8	5791955	1399251456	RN7SKP159	MCPH1
rs1961985	a	g	0.7711	0.0000	0.4915	0.1418	0.0005302	??+	629	8	5796970	1399256471	RN7SKP159	MCPH1
rs2840495	a	g	0.2263	0.0000	-0.4805	0.1411	0.0006592	??-	630	8	5803534	1399263035	RN7SKP159	MCPH1
rs2816406	a	c	0.6297	0.0000	0.4291	0.1186	0.000298	??+	627	8	5804077	1399263578	RN7SKP159	MCPH1
rs2816410	t	c	0.2870	0.0000	-0.4843	0.1300	0.0001945	??-	630	8	5804832	1399264333	RN7SKP159	MCPH1
rs17540702	a	g	0.8973	0.0000	-0.5701	0.1721	0.0009263	-??	735	8	6337387	1399796888	MCPH1	MCPH1
rs9644674	a	g	0.9163	0.0000	-0.6706	0.1881	0.0003625	-??	735	8	8840042	1402299543	ERI1	ERI1
rs12675645	t	c	0.9163	0.0000	-0.6361	0.1875	0.0006938	-??	735	8	8843836	1402303337	ERI1	ERI1
rs4081881	a	g	0.0857	0.0000	0.6294	0.1879	0.000811	+??	718	8	8855519	1402315020	ERI1	ERI1
rs962909	t	c	0.1961	0.0000	0.4998	0.1345	0.0002016	+??	724	8	8866072	1402325573	ERI1	ERI1
rs11782281	t	g	0.0798	0.0000	0.6522	0.1940	0.0007738	+??	733	8	8891644	1402351145	ERI1	ERI1
rs9325755	a	g	0.8551	0.0082	0.2870	0.0799	0.0003267	++?	2764	8	15313956	1408773457	TUSC3	TUSC3
rs17632013	t	c	0.0651	0.0049	-0.4327	0.1067	5.036e-05	---	3381	8	17348088	1410807589	ADAM24P	MTMR7
rs17632120	a	c	0.9467	0.0040	0.6204	0.1874	0.0009317	+?+	1367	8	17367251	1410826752	ADAM24P	SLC7A2
rs4739285	t	c	0.5077	0.0041	-0.2214	0.0553	6.318e-05	--?	2764	8	21621465	1415080966	GFRA2	GFRA2
rs17660163	a	t	0.7405	0.0000	0.4824	0.1369	0.0004235	??+	631	8	31755819	1425215320	NRG1	NRG1
rs937670	c	g	0.8213	0.0000	0.5295	0.1588	0.000853	??+	629	8	31806451	1425265952	NRG1	NRG1
rs13270522	a	g	0.8210	0.0000	0.5444	0.1589	0.0006125	??+	630	8	31818520	1425278021	NRG1	NRG1
rs12548821	a	g	0.5692	0.0061	-0.3111	0.0789	8.042e-05	-?-	1356	8	39734453	1433193954	ADAM2	ADAM2
rs2318144	a	g	0.0809	0.0385	0.5067	0.1106	4.575e-06	++?	2730	8	58277297	1451736798		IMPAD1
rs6471873	t	c	0.3946	0.0016	-0.2423	0.0591	4.127e-05	--?	2670	8	61456326	1454915827	PDCL3P1	CA8
rs10102945	t	c	0.3820	0.0065	-0.1793	0.0518	0.0005399	--+	3361	8	61469669	1454929170		CA8
rs6471880	t	c	0.5514	0.0053	0.2218	0.0564	8.412e-05	++?	2742	8	61535894	1454995395		RAB2A
rs17721390	c	g	0.9365	0.0000	0.8061	0.2363	0.0006449	??+	627	8	70706789	1464166290	SULF1	SULF1
rs7838786	t	g	0.1033	0.0000	0.5924	0.1792	0.0009498	+??	731	8	77287631	1470747132		ZFHX4
rs6981743	t	c	0.4701	0.0000	-0.3710	0.1092	0.0006788	-??	735	8	79888908	1473348409		IL7
rs12547476	a	g	0.7775	0.0000	-0.4966	0.1474	0.0007572	??-	629	8	83430663	1476890164	HNRNPA1P4	SNX16
rs557807	a	g	0.4082	0.0033	0.2258	0.0561	5.789e-05	++?	2761	8	90684740	1484144241		RIPK2
rs10092702	a	g	0.7987	0.0000	0.5230	0.1487	0.0004365	??+	630	8	94616982	1488076483	LINC00535	FAM92A1
rs4509291	a	g	0.2007	0.0000	-0.5334	0.1490	0.0003423	??-	630	8	94620040	1488079541	LINC00535	FAM92A1
rs7830377	a	g	0.2058	0.0000	-0.5213	0.1446	0.0003122	??-	631	8	94635895	1488095396	LINC00535	FAM92A1
rs4563863	a	c	0.7911	0.0000	0.5005	0.1480	0.0007222	??+	619	8	94661955	1488121456	LINC00535	FAM92A1
rs4430060	t	c	0.2019	0.0000	-0.5172	0.1466	0.0004187	??-	628	8	94669971	1488129472	LINC00535	FAM92A1
rs16916075	a	c	0.7986	0.0000	0.5150	0.1474	0.0004776	??+	627	8	94670114	1488129615	LINC00535	FAM92A1
rs16912	t	c	0.7713	0.0058	-0.2272	0.0596	0.0001373	---	3391	8	95257759	1488717260	CDH17	CDH17
rs1573312	t	c	0.4883	0.0000	-0.1939	0.0558	0.0005087	--?	2748	8	103133038	1496592539	NCALD	NCALD
rs2717181	t	c	0.9031	0.0000	-0.7175	0.2166	0.000923	??-	620	8	112602751	1506062252		KCNV1
rs10481136	a	g	0.9516	0.0025	0.4615	0.1385	0.0008612	++?	2750	8	119779788	1513239289	RPS26P35	SAMD12
rs2970409	t	g	0.1073	0.0065	0.4763	0.1317	0.0002975	+?+	1355	8	120402216	1513861717		NOV
rs2469996	t	c	0.8106	0.0000	-0.5368	0.1552	0.0005442	??-	612	8	120422192	1513881693		NOV
rs2469997	c	g	0.8082	0.0000	-0.5124	0.1539	0.0008716	??-	618	8	120422448	1513881949		NOV
rs2447182	t	c	0.1925	0.0000	0.5107	0.1547	0.0009634	??+	613	8	120423165	1513882666		NOV
rs2447179	a	g	0.1937	0.0000	0.5252	0.1539	0.0006449	??+	615	8	120424956	1513884457		NOV
rs2447178	t	c	0.8065	0.0000	-0.5470	0.1553	0.0004267	??-	612	8	120425369	1513884870		NOV
rs2470038	t	g	0.8034	0.0000	-0.5092	0.1512	0.0007599	??-	625	8	120453211	1513912712		NOV
rs2470040	a	g	0.1927	0.0000	0.5892	0.1546	0.000139	??+	619	8	120454633	1513914134		NOV
rs6996275	a	g	0.2291	0.0000	0.5725	0.1441	7.068e-05	??+	621	8	120484559	1513944060	NOV	NOV
rs7834463	a	g	0.2266	0.0000	0.5838	0.1436	4.803e-05	??+	631	8	120491103	1513950604	NOV	NOV
rs17790807	t	c	0.2266	0.0000	0.5838	0.1436	4.803e-05	??+	631	8	120491347	1513950848	NOV	NOV
rs10505355	c	g	0.2494	0.0000	0.5222	0.1384	0.0001607	??+	627	8	120495854	1513955355	NOV	NOV
rs1381335	a	g	0.2474	0.0000	0.5218	0.1378	0.0001525	??+	631	8	120496829	1513956330	NOV	NOV
rs4123837	a	g	0.7526	0.0000	-0.5218	0.1378	0.0001525	??-	631	8	120497037	1513956538	NOV	NOV
rs6990760	a	c	0.7302	0.0000	-0.4710	0.1316	0.0003436	??-	627	8	120513809	1513973310		NOV
rs7015188	t	c	0.7332	0.0000	-0.4839	0.1337	0.0002969	??-	628	8	120523266	1513982767		NOV
rs6997943	t	g	0.7353	0.0000	-0.4934	0.1335	0.000219	??-	632	8	120532789	1513992290		NOV
rs1599473	a	c	0.2500	0.0000	0.6181	0.1402	1.043e-05	??+	632	8	120544539	1514004040		NOV
rs4871269	a	g	0.5523	0.0000	-0.3764	0.1119	0.0007682	??-	629	8	120574762	1514034263		NOV
rs17191684	a	g	0.1428	0.0091	0.3941	0.1158	0.0006642	+?+	1354	8	120610807	1514070308		NOV
rs11784229	t	c	0.2373	0.0000	0.5312	0.1437	0.000219	??+	630	8	120642778	1514102279	ENPP2	ENPP2
rs17801314	t	c	0.7633	0.0000	-0.5219	0.1435	0.0002758	??-	630	8	120642910	1514102411	ENPP2	ENPP2
rs279654	t	c	0.5543	0.0123	-0.1989	0.0511	9.825e-05	---	3368	8	122872044	1516331545		HAS2
rs16896924	a	g	0.9057	0.0065	-0.5064	0.1368	0.0002134	-?-	1361	8	123399960	1516859461		ZHX2
rs10113516	c	g	0.8724	0.0000	-0.6565	0.1830	0.0003332	??-	632	8	125270163	1518729664	FER1L6-AS2	TMEM65
rs1447295	a	c	0.1026	0.0001	-0.3233	0.0957	0.0007337	--?	2765	8	128554220	1522013721	CASC8	POU5F1B
rs4242382	a	g	0.1045	0.0041	-0.3074	0.0865	0.0003804	---	3379	8	128586755	1522046256	CASC8	POU5F1B
rs7837688	t	g	0.1017	0.0045	-0.3706	0.0973	0.0001395	--?	2749	8	128608542	1522068043	CASC8	POU5F1B
rs2246611	c	g	0.7764	0.0000	-0.5633	0.1480	0.0001412	??-	613	8	134030419	1527489920	TG	TG
rs2687840	t	c	0.7735	0.0000	-0.5691	0.1488	0.0001313	??-	630	8	134038041	1527497542	TG	TG
rs7837655	a	c	0.7940	0.0047	-0.2306	0.0669	0.0005711	--?	2749	8	144496622	1537956123	TOP1MT	TOP1MT
rs1869690	a	g	0.3191	0.0092	-0.2011	0.0533	0.0001608	---	3392	9	3881863	1543617330	GLIS3	GLIS3
rs877932	c	g	0.7848	0.0000	-0.5557	0.1517	0.0002493	??-	629	9	7918994	1547654461		TMEM261
rs13299456	t	c	0.2292	0.0000	0.5107	0.1450	0.0004283	??+	632	9	7925242	1547660709		TMEM261
rs2498611	t	g	0.8389	0.0000	0.5471	0.1570	0.0004921	??+	630	9	10244793	1549980260	PTPRD	PTPRD
rs2475327	c	g	0.8492	0.0000	0.5549	0.1590	0.0004848	??+	630	9	10245320	1549980787	PTPRD	PTPRD
rs10959029	t	c	0.0558	0.0017	0.6349	0.1722	0.0002264	+?+	1354	9	10282422	1550017889	PTPRD	PTPRD
rs6474539	t	g	0.2857	0.0000	0.4523	0.1231	0.0002378	+??	735	9	10374705	1550110172	PTPRD	PTPRD
rs1924087	a	g	0.2948	0.0000	0.4467	0.1221	0.0002552	+??	731	9	10394286	1550129753	PTPRD	PTPRD
rs649891	a	g	0.8083	0.0000	-0.5001	0.1384	0.0003015	-??	733	9	10430602	1550166069	PTPRD	PTPRD
rs1411792	t	c	0.8085	0.0027	0.2297	0.0643	0.000352	+++	3386	9	18139174	1557874641		ADAMTSL1
rs10810914	a	g	0.8043	0.0088	0.2322	0.0638	0.0002747	+++	3364	9	18154545	1557890012		ADAMTSL1
rs10756945	t	c	0.2142	0.0020	-0.2448	0.0688	0.0003737	--?	2763	9	18167598	1557903065		ADAMTSL1
rs12238023	t	c	0.9168	0.0000	-0.7597	0.2295	0.000933	??-	623	9	27814816	1567550283		C9orf72
rs4879851	a	c	0.0746	0.0000	0.8928	0.2578	0.0005342	??+	611	9	27831931	1567567398		C9orf72
rs1857064	t	c	0.6227	0.0000	-0.4161	0.1231	0.0007249	??-	631	9	74899380	1614634847	ALDH1A1	ALDH1A1
rs157117	t	c	0.6685	0.0005	0.1943	0.0589	0.0009794	++?	2747	9	75374256	1615109723		ANXA1
rs157109	a	c	0.0930	0.0023	-0.3352	0.0985	0.000664	--?	2760	9	75388272	1615123739		ANXA1
rs4745257	a	c	0.9483	0.0000	-0.8568	0.2448	0.0004653	-??	735	9	76392885	1616128352	RNA5SP286	ANXA1
rs7047291	c	g	0.5394	0.0000	0.4077	0.1209	0.000749	??+	630	9	79275784	1619011251		GNA14
rs6559921	a	t	0.7721	0.0000	-0.5328	0.1477	0.0003098	??-	620	9	88061859	1627797326	C9orf153	C9orf153
rs3119028	t	c	0.5818	0.0027	0.1895	0.0573	0.0009373	++?	2761	9	91346187	1631081654	SEMA4D	SEMA4D
rs7848718	a	g	0.6602	0.0000	-0.4556	0.1280	0.0003723	??-	621	9	98872269	1638607736	TCEA1P1	CTSV
rs41339744	a	g	0.1170	0.0000	0.6298	0.1909	0.0009703	??+	630	9	106979486	1646714953		SLC44A1
rs9409081	t	c	0.7553	0.0000	-0.5514	0.1450	0.0001424	??-	616	9	107937338	1647672805		TMEM38B
rs2676451	t	c	0.7367	0.0000	-0.4605	0.1373	0.0007965	??-	631	9	108045032	1647780499		TMEM38B
rs10125521	c	g	0.2416	0.0000	0.4797	0.1390	0.0005564	??+	630	9	108102823	1647838290		ZNF462
rs13299685	a	t	0.8256	0.0000	-0.5336	0.1593	0.0008081	??-	629	9	108103242	1647838709		ZNF462
rs13289442	a	t	0.2368	0.0000	0.4790	0.1407	0.0006616	??+	625	9	108146979	1647882446		ZNF462
rs7041969	a	g	0.1605	0.0000	0.5425	0.1635	0.0009066	??+	619	9	110270908	1650006375		ACTL7B
rs818708	t	c	0.4454	0.0020	0.1884	0.0497	0.0001518	+++	3392	9	115189930	1654925397	ALAD	ALAD
rs10759686	t	c	0.4129	0.0000	-0.3662	0.1097	0.0008438	-??	735	9	116944333	1656679800	COL27A1	COL27A1
rs7030459	a	c	0.7056	0.0031	0.2959	0.0875	0.0007215	+?+	1365	9	119577167	1659312634		TLR4
rs2149364	t	c	0.2898	0.0000	-0.4751	0.1276	0.0001961	??-	632	9	119582809	1659318276		TLR4
rs12342472	t	c	0.7102	0.0000	0.4607	0.1278	0.000311	??+	632	9	119582997	1659318464		TLR4
rs12337657	c	g	0.2893	0.0000	-0.4689	0.1279	0.0002464	??-	632	9	119583050	1659318517		TLR4
rs16906215	a	g	0.8488	0.0000	0.5724	0.1678	0.0006449	??+	630	9	119586079	1659321546		TLR4
rs4836703	a	g	0.8495	0.0000	0.5912	0.1684	0.0004464	??+	626	9	119588755	1659324222		TLR4
rs16911652	a	t	0.9483	0.0000	0.9685	0.2657	0.0002674	??+	628	9	124168568	1663904035	PTGS1	PTGS1
rs2491101	t	c	0.4834	0.0081	0.2625	0.0788	0.0008668	+?+	1357	9	129255070	1668990537	LRSAM1	LRSAM1
rs2250161	t	c	0.5088	0.0000	-0.4138	0.1091	0.0001482	-??	735	9	130237356	1669972823		
rs7047329	t	c	0.0952	0.0013	-0.3779	0.0985	0.0001242	--?	2758	9	132229317	1671964784	HMCN2	HMCN2
rs4304399	t	c	0.8108	0.0046	0.2379	0.0719	0.0009426	++?	2763	9	136660757	1676396224	COL5A1	COL5A1
rs515078	t	c	0.5618	0.0000	0.5442	0.1179	3.95e-06	??+	631	9	137073196	1676808663	OLFM1	OLFM1
rs568358	a	g	0.5088	0.0000	0.5122	0.1152	8.708e-06	??+	625	9	137075121	1676810588	OLFM1	OLFM1
rs11103647	a	g	0.5359	0.0000	0.4136	0.1140	0.0002867	??+	629	9	137078145	1676813612	OLFM1	OLFM1
rs10858374	t	c	0.7926	0.0010	0.3599	0.1021	0.0004222	+?+	1359	9	137279327	1677014794		
rs6601733	a	g	0.5921	0.0000	-0.4653	0.1224	0.000143	??-	620	10	3555283	1684318689		KLF6
rs10904053	a	g	0.5950	0.0000	-0.4250	0.1204	0.000414	??-	624	10	3563644	1684327050		KLF6
rs9702252	a	g	0.3340	0.0000	-0.4092	0.1186	0.0005606	-??	735	10	3767126	1684530532		KLF6
rs7094797	a	c	0.3429	0.0000	-0.4225	0.1168	0.000298	-??	735	10	3770014	1684533420		KLF6
rs10795212	a	c	0.6426	0.0000	0.3911	0.1185	0.0009668	??+	632	10	4942086	1685705492	AKR1C1	AKR1C1
rs7081411	a	c	0.4109	0.0000	0.4488	0.1103	4.742e-05	+??	735	10	4967486	1685730892	AKR1C1	AKR1C1
rs584507	t	c	0.7014	0.0075	-0.2244	0.0607	0.0002166	--?	2729	10	6571756	1687335162	PRKCQ	PRKCQ
rs2243628	t	c	0.3600	0.0055	0.1902	0.0568	0.0008171	++?	2766	10	7553828	1688317234		SFMBT2
rs1112520	a	c	0.4680	0.0000	-0.3692	0.1092	0.0007249	-??	735	10	11335074	1692098480	CELF2	CELF2
rs1251019	a	g	0.5929	0.0000	0.3924	0.1174	0.0008348	??+	627	10	13009761	1693773167	CCDC3	CCDC3
rs10906260	t	c	0.4687	0.0000	-0.3920	0.1150	0.000652	??-	628	10	13023582	1693786988	CCDC3	CCDC3
rs11254106	a	g	0.1857	0.0000	-0.5107	0.1462	0.0004758	-??	735	10	16647000	1697410406	RSU1	RSU1
rs10764335	t	c	0.2353	0.0051	-0.2383	0.0658	0.0002922	--?	2765	10	22383396	1703146802	DNAJC1	DNAJC1
rs4266963	t	c	0.2350	0.0052	-0.2326	0.0658	0.0004046	--?	2762	10	22384234	1703147640	DNAJC1	DNAJC1
rs11593046	t	c	0.0589	0.0033	0.3540	0.1057	0.0008073	+++	3397	10	30158628	1710922034		SVIL
rs3982199	a	g	0.8156	0.0064	0.3785	0.1043	0.0002828	+?+	1366	10	42596298	1723359704	BMS1	BMS1
rs11239785	t	c	0.6266	0.0000	0.4253	0.1231	0.0005503	??+	632	10	42631395	1723394801	BMS1	BMS1
rs10788706	a	g	0.7962	0.0031	-0.2440	0.0625	9.54e-05	---	3385	10	48100377	1728863783	GDF10	GDF10
rs7908692	a	g	0.3993	0.0088	0.2009	0.0564	0.0003694	++?	2764	10	53315314	1734078720	PRKG1	PRKG1
rs1937662	a	g	0.8087	0.0028	-0.2527	0.0700	0.0003036	--?	2740	10	53330842	1734094248	PRKG1	PRKG1
rs12415296	a	g	0.1706	0.0005	0.3750	0.1071	0.0004624	+?+	1347	10	54849425	1735612831	RNA5SP318	MBL2
rs10999085	a	g	0.4617	0.0000	-0.3986	0.1137	0.0004532	??-	629	10	71450365	1752213771		H2AFY2
rs4746946	a	g	0.5347	0.0000	0.4030	0.1135	0.0003823	??+	631	10	71484838	1752248244	H2AFY2	H2AFY2
rs2310992	t	c	0.5012	0.0000	-0.3994	0.1144	0.0004812	??-	632	10	71493573	1752256979	H2AFY2	H2AFY2
rs2894129	a	g	0.4482	0.0092	0.1797	0.0505	0.0003773	+++	3366	10	72151726	1752915132	ADAMTS14	ADAMTS14
rs3747858	t	g	0.5850	0.0000	-0.3788	0.1144	0.0009263	-??	735	10	73515103	1754278509	C10orf54	C10orf54
rs6480779	a	g	0.3809	0.0024	0.1924	0.0568	0.0007052	++?	2761	10	76779886	1757543292		ZNF503
rs959796	a	g	0.8859	0.0027	-0.3182	0.0848	0.0001753	--?	2749	10	78690827	1759454233	KCNMA1	KCNMA1
rs16934600	t	c	0.1857	0.0000	0.4493	0.1363	0.0009772	+??	735	10	79085894	1759849300	KCNMA1	KCNMA1
rs11002124	t	c	0.0599	0.0000	0.7997	0.2262	0.0004078	+??	735	10	79090394	1759853800	KCNMA1	KCNMA1
rs1079026	a	g	0.1878	0.0000	0.4758	0.1353	0.0004381	+??	735	10	79146054	1759909460	KCNMA1	KCNMA1
rs10887918	a	g	0.6027	0.0000	0.3977	0.1173	0.0006964	??+	630	10	90894091	1771657497		CH25H
rs1075374	t	g	0.1591	0.0001	0.2485	0.0754	0.0009885	++?	2763	10	91366955	1772130361	PANK1	PANK1
rs701864	t	c	0.2972	0.0032	0.2151	0.0609	0.0004141	-+?	2767	10	95154196	1775917602	MYOF	MYOF
rs10509651	a	g	0.0641	0.0059	0.3867	0.1116	0.0005279	++?	2761	10	95154460	1775917866	MYOF	MYOF
rs2494657	t	c	0.5491	0.0074	-0.2611	0.0784	0.0008655	-?-	1367	10	101203270	1781966676		GOT1
rs10509859	t	c	0.5007	0.0000	0.3999	0.1121	0.0003597	+??	735	10	109813472	1790576878		SORCS1
rs11193880	t	c	0.4577	0.0000	-0.3803	0.1125	0.0007222	-??	732	10	109836172	1790599578		SORCS1
rs7919012	a	g	0.4577	0.0000	-0.3807	0.1125	0.0007144	-??	733	10	109840180	1790603586		SORCS1
rs11198727	a	g	0.6456	0.0000	0.4811	0.1182	4.701e-05	+??	735	10	120767097	1801530503		NANOS1
rs3763772	a	g	0.6341	0.0000	-0.4213	0.1257	0.0008052	??-	632	10	122342531	1803105937	C10orf85	C10orf85
rs11199428	a	c	0.6351	0.0000	-0.4213	0.1257	0.0008052	??-	632	10	122343495	1803106901	C10orf85	C10orf85
rs2420789	a	g	0.6334	0.0000	-0.4305	0.1273	0.000717	??-	626	10	122343706	1803107112	C10orf85	C10orf85
rs7921672	c	g	0.6370	0.0000	-0.4380	0.1269	0.0005564	??-	631	10	122344145	1803107551	C10orf85	C10orf85
rs7916003	t	c	0.8693	0.0015	-0.3934	0.1162	0.0007089	-?-	1366	10	125247598	1806011004		GPR26
rs1710960	a	g	0.7764	0.0000	0.4897	0.1406	0.0004977	??+	629	10	125322821	1806086227		GPR26
rs1767132	t	c	0.2234	0.0000	-0.4817	0.1398	0.0005711	??-	630	10	125323196	1806086602		GPR26
rs1710944	t	c	0.7985	0.0000	0.4719	0.1418	0.0008747	??+	632	10	125353928	1806117334		GPR26
rs11248640	a	g	0.3685	0.0000	0.4067	0.1210	0.0007766	??+	631	10	125427710	1806191116	GPR26	GPR26
rs748219	t	c	0.3699	0.0000	0.4261	0.1217	0.0004618	??+	629	10	125428449	1806191855	GPR26	GPR26
rs7098285	t	c	0.3119	0.0000	0.4389	0.1255	0.0004705	??+	630	10	125434094	1806197500	GPR26	GPR26
rs11017018	a	g	0.0899	0.0018	-0.5098	0.1410	0.0002999	-?-	1358	10	128952317	1809715723	DOCK1	DOCK1
rs7949013	a	g	0.9257	0.0000	0.7544	0.2270	0.0008905	??+	618	11	2058268	1818255977		IGF2
rs10831633	a	g	0.8945	0.0000	-0.6906	0.2064	0.0008199	??-	619	11	2224512	1818422221	ASCL2	ASCL2
rs1017940	a	g	0.3422	0.0147	-0.1772	0.0533	0.0008972	---	3382	11	7300214	1823497923	SYT9	SYT9
rs10765929	t	c	0.3659	0.0092	-0.2780	0.0839	0.0009203	-?-	1362	11	12139036	1828336745	MICAL2	MICAL2
rs6486331	t	c	0.4068	0.0000	-0.3971	0.1122	0.0004032	-??	735	11	16990389	1833188098	PLEKHA7	PLEKHA7
rs7946010	a	g	0.4763	0.0096	-0.1969	0.0562	0.0004571	--?	2757	11	17132633	1833330342	PIK3C2A	PIK3C2A
rs621246	t	g	0.5357	0.0123	0.1971	0.0561	0.0004396	++?	2760	11	17160341	1833358050	PIK3C2A	PIK3C2A
rs214097	a	c	0.5987	0.0093	0.1698	0.0516	0.0009997	+++	3382	11	17248075	1833445784	NUCB2	NUCB2
rs10832871	a	g	0.2695	0.0000	0.5129	0.1351	0.0001465	??+	629	11	17973640	1834171349	SERGEF	SERGEF
rs7936229	t	g	0.8696	0.0010	0.2563	0.0765	0.0008046	+++	3392	11	19204343	1835402052	E2F8	E2F8
rs12364788	t	g	0.6891	0.0000	0.4268	0.1177	0.0002878	+??	735	11	19427092	1835624801	NAV2	NAV2
rs4923312	a	g	0.6778	0.0000	0.4433	0.1220	0.0002801	+??	734	11	25861113	1842058822		ANO3
rs2859991	t	g	0.6708	0.0000	0.4010	0.1212	0.0009396	+??	732	11	25880093	1842077802		ANO3
rs11603501	t	c	0.4755	0.0000	0.4320	0.1141	0.0001525	+??	735	11	25886485	1842084194		ANO3
rs10835536	a	g	0.5769	0.0000	0.4305	0.1129	0.0001367	+??	735	11	29547537	1845745246		KCNA4
rs10501120	a	g	0.0833	0.0057	0.3279	0.0882	0.0002028	+++	3378	11	29853673	1846051382		KCNA4
rs2746600	t	c	0.6715	0.0023	-0.2242	0.0594	0.0001616	+-?	2718	11	33671217	1849868926		C11orf91
rs10734439	t	c	0.3206	0.0000	-0.3988	0.1159	0.0005774	-??	733	11	35536881	1851734590	PAMR1	PAMR1
rs11038808	a	c	0.3077	0.0059	-0.2925	0.0841	0.0005059	-?-	1365	11	46163453	1862361162		PHF21A
rs527140	a	g	0.7826	0.0000	0.4870	0.1464	0.000881	??+	621	11	57256710	1873454419	TMX2-CTNND1	TMX2-CTNND1
rs606499	t	c	0.5667	0.0000	-0.3932	0.1194	0.0009877	??-	630	11	57350416	1873548125	OR5BA1P	CTNND1
rs585337	a	g	0.5667	0.0000	-0.3940	0.1195	0.0009738	??-	629	11	57353850	1873551559	OR5BA1P	CTNND1
rs592785	a	g	0.5810	0.0000	-0.3976	0.1207	0.0009842	??-	631	11	57423187	1873620896	OR5AZ1P	OR9Q1
rs683193	c	g	0.3812	0.0000	0.4267	0.1292	0.0009566	??+	619	11	60699292	1876897001	VPS37C	VPS37C
rs17134442	a	g	0.0399	0.0000	1.2180	0.3651	0.0008499	??+	631	11	75290526	1891488235	UVRAG	UVRAG
rs6592632	t	c	0.2230	0.0062	-0.2331	0.0679	0.0005961	--?	2761	11	75794014	1891991723		
rs6592738	t	c	0.2671	0.0000	-0.4497	0.1332	0.0007355	??-	630	11	77000774	1893198483	CLNS1A	CLNS1A
rs10751300	c	g	0.2948	0.0000	0.4367	0.1262	0.0005382	??+	632	11	78281740	1894479449	TENM4	TENM4
rs548922	a	c	0.2807	0.0000	0.4343	0.1309	0.0009066	??+	629	11	78289625	1894487334	TENM4	TENM4
rs651678	a	c	0.6134	0.0000	-0.4089	0.1178	0.0005185	??-	627	11	78324660	1894522369	TENM4	TENM4
rs17139391	c	g	0.9502	0.0000	1.0420	0.2770	0.0001686	??+	631	11	79472599	1895670308		TENM4
rs11020015	a	g	0.4448	0.0073	0.2051	0.0552	0.0002007	++?	2763	11	91955514	1908153223	FAT3	FAT3
rs7941059	t	g	0.5899	0.0050	0.2802	0.0816	0.000599	+?+	1365	11	95424893	1911622602	MAML2	MAML2
rs11218615	a	g	0.4589	0.0000	0.4093	0.1237	0.000933	??+	631	11	98544867	1914742576	CNTN5	CNTN5
rs2846707	a	g	0.3514	0.0018	0.2100	0.0590	0.0003765	++?	2763	11	102081568	1918279277	MMP27	MMP27
rs1276284	a	g	0.3470	0.0044	0.2335	0.0597	9.273e-05	++?	2672	11	102087078	1918284787	MMP27	MMP27
rs3740938	a	g	0.0681	0.0029	-0.4046	0.1157	0.0004678	--?	2766	11	102092272	1918289981	MMP8	MMP8
rs685395	t	c	0.1474	0.0000	-0.5460	0.1658	0.0009912	??-	628	11	102572670	1918770379	DYNC2H1	DYNC2H1
rs507879	a	g	0.5455	0.0060	0.1694	0.0502	0.0007346	+++	3374	11	104383137	1920580846	CASP5	CASP5
rs7946302	t	c	0.2004	0.0007	0.2255	0.0677	0.0008704	++?	2759	11	107122727	1923320436		
rs1482045	a	c	0.3680	0.0000	0.4571	0.1305	0.0004583	??+	611	11	108689374	1924887083		C11orf87
rs11602446	t	c	0.4186	0.0000	-0.4055	0.1199	0.000717	??-	625	11	111928051	1928125760		PLET1
rs6589300	t	c	0.4414	0.0000	-0.4136	0.1197	0.0005523	??-	622	11	111929592	1928127301		PLET1
rs12365993	t	c	0.4210	0.0135	-0.2869	0.0812	0.0004123	-?-	1367	11	111953103	1928150812		PLET1
rs17114086	a	g	0.4188	0.0121	-0.2892	0.0818	0.0004096	-?-	1359	11	111955850	1928153559		PLET1
rs17114089	a	g	0.4358	0.0000	-0.4140	0.1185	0.0004741	??-	632	11	111956248	1928153957		PLET1
rs11214256	t	c	0.4341	0.0000	-0.4192	0.1192	0.0004365	??-	631	11	111961036	1928158745		PLET1
rs10891394	a	g	0.4300	0.0000	-0.4066	0.1193	0.0006544	??-	630	11	111962843	1928160552		PLET1
rs17114567	a	g	0.1621	0.0093	-0.3051	0.0779	9.053e-05	--?	2765	11	112319455	1928517164	NCAM1	NCAM1
rs2218618	a	g	0.6836	0.0069	0.2019	0.0613	0.0009871	++?	2744	11	112325679	1928523388	NCAM1	NCAM1
rs2000575	t	g	0.8231	0.0000	0.5163	0.1500	0.0005796	+??	735	11	112771885	1928969594	NCAM1	NCAM1
rs17115184	t	c	0.9170	0.0000	-0.7009	0.1987	0.0004203	-??	735	11	113081187	1929278896	NCAM1	NCAM1
rs925151	a	g	0.4184	0.0131	-0.1895	0.0567	0.0008217	--?	2759	11	115874381	1932072090		BUD13
rs2239695	a	g	0.1451	0.0013	-0.2995	0.0811	0.0002231	--?	2761	11	117718842	1933916551	CD3D	CD3D
rs3782046	t	c	0.1464	0.0008	-0.2969	0.0726	4.354e-05	---	3392	11	117735949	1933933658	UBE4A	UBE4A
rs4290266	a	g	0.1315	0.0030	-0.3200	0.0850	0.000167	--?	2746	11	117791205	1933988914	ATP5L	ATP5L
rs1003081	t	c	0.4387	0.0033	0.1777	0.0504	0.0004173	+++	3374	11	118419203	1934616912		SLC37A4
rs7131158	t	c	0.8191	0.0051	0.2526	0.0749	0.000742	++?	2729	11	126107663	1942305372	KIRREL3	KIRREL3
rs6590357	a	g	0.1810	0.0000	-0.5904	0.1510	9.23e-05	??-	627	11	128286549	1944484258	KCNJ5	KCNJ5
rs10790977	t	c	0.8114	0.0000	0.5863	0.1487	8.013e-05	??+	630	11	128290952	1944488661	KCNJ5	KCNJ5
rs2846675	t	c	0.8207	0.0000	0.5334	0.1517	0.0004398	??+	623	11	128292246	1944489955	KCNJ5	KCNJ5
rs2258438	t	c	0.1790	0.0000	-0.5868	0.1507	9.82e-05	??-	631	11	128294583	1944492292	KCNJ5	KCNJ5
rs1552820	t	c	0.1183	0.0073	-0.3115	0.0896	0.0005049	--?	2759	11	128949044	1945146753	RPS27P20	BARX2
rs1552828	t	c	0.1183	0.0073	-0.3040	0.0895	0.0006777	--?	2759	11	128953084	1945150793	RPS27P20	BARX2
rs7937715	a	c	0.2873	0.0030	-0.2190	0.0619	0.000406	--?	2748	11	129818391	1946016100	ADAMTS15	ADAMTS15
rs11222591	t	g	0.2045	0.0074	0.3318	0.0995	0.0008529	+?+	1359	11	130748089	1946945798	NTM	NTM
rs10791140	t	c	0.2524	0.0000	0.4060	0.1203	0.0007408	+??	735	11	131242104	1947439813	NTM	NTM
rs329637	t	c	0.4391	0.0000	-0.4001	0.1184	0.0007249	??-	617	11	133310795	1949508504	IGSF9B	IGSF9B
rs4980804	t	c	0.5082	0.0083	0.1641	0.0498	0.0009779	+++	3358	12	132190	1951270315	IQSEC3	IQSEC3
rs1035065	a	g	0.3008	0.0108	-0.1998	0.0559	0.0003495	---	3390	12	5666310	1956804435	ANO2	ANO2
rs1805553	c	g	0.9401	0.0000	-0.9975	0.2827	0.0004171	??-	623	12	13682965	1964821090	GRIN2B	GRIN2B
rs12312199	a	g	0.7731	0.0000	-0.4862	0.1411	0.0005711	??-	631	12	13746682	1964884807	GRIN2B	GRIN2B
rs11056397	a	g	0.1194	0.0010	0.2866	0.0851	0.000759	++?	2767	12	15243067	1966381192	RERG	RERG
rs10841227	a	g	0.3583	0.0058	0.2005	0.0517	0.000107	++-	3381	12	19464917	1970603042	AEBP2	AEBP2
rs10841228	t	g	0.5354	0.0083	-0.2000	0.0555	0.0003125	--?	2735	12	19475400	1970613525	AEBP2	AEBP2
rs6486961	a	g	0.3882	0.0063	0.1907	0.0510	0.0001831	++-	3393	12	19518082	1970656207	AEBP2	AEBP2
rs10841245	t	c	0.5364	0.0082	-0.2206	0.0556	7.192e-05	--?	2762	12	19548280	1970686405	AEBP2	AEBP2
rs11044668	t	c	0.2854	0.0072	-0.2132	0.0561	0.0001459	--+	3388	12	19593783	1970731908	AEBP2	AEBP2
rs10841260	t	c	0.6226	0.0093	-0.2588	0.0575	6.867e-06	--?	2760	12	19597931	1970736056	AEBP2	AEBP2
rs7486560	a	g	0.6171	0.0012	0.2229	0.0569	8.912e-05	++?	2750	12	19631492	1970769617	AEBP2	AEBP2
rs2037153	a	t	0.1742	0.0000	0.5460	0.1588	0.000586	??+	630	12	20762523	1971900648	SLCO1C1	SLCO1C1
rs1881904	t	c	0.4160	0.0006	-0.1880	0.0563	0.0008339	--?	2760	12	23110836	1974248961		ETNK1
rs1870192	a	g	0.5812	0.0005	0.1848	0.0561	0.0009875	++?	2747	12	23141601	1974279726		ETNK1
rs11046815	t	c	0.3794	0.0019	-0.2071	0.0572	0.0002951	--?	2760	12	23172283	1974310408		ETNK1
rs763853	a	g	0.8914	0.0011	0.3097	0.0934	0.0009131	++?	2759	12	23214138	1974352263		ETNK1
rs11047219	a	c	0.8965	0.0000	0.8131	0.2036	6.497e-05	+??	734	12	24185456	1975323581	SOX5	SOX5
rs12368767	a	g	0.9014	0.0000	0.9080	0.2121	1.852e-05	+??	735	12	24221722	1975359847	SOX5	SOX5
rs2200274	a	g	0.7744	0.0029	0.2317	0.0671	0.0005559	++?	2760	12	29906457	1981044582		TMTC1
rs7976065	t	c	0.2150	0.0000	0.5662	0.1544	0.0002445	??+	616	12	31915911	1983054036		H3F3C
rs11051643	a	c	0.7886	0.0000	-0.5378	0.1562	0.0005732	??-	614	12	31916935	1983055060		H3F3C
rs1445313	t	g	0.8317	0.0033	-0.2227	0.0663	0.0007744	---	3390	12	33225528	1984363653		SYT10
rs2289768	a	g	0.4325	0.0065	0.1984	0.0562	0.0004154	++?	2756	12	44887323	1996025448	SLC38A1	SLC38A1
rs1667	t	c	0.1504	0.0000	0.6340	0.1740	0.0002684	??+	629	12	45150998	1996289123		SLC38A2
rs11183521	a	g	0.8324	0.0000	-0.6055	0.1658	0.0002602	??-	631	12	45217087	1996355212		SLC38A2
rs12823317	c	g	0.6707	0.0000	-0.4235	0.1254	0.0007355	??-	627	12	49644632	2000782757	HIGD1C	HIGD1C
rs746434	a	g	0.0807	0.0013	-0.3240	0.0945	0.0006046	---	3395	12	50628932	2001767057	ACVR1B	ACVR1B
rs2067554	t	c	0.3713	0.0035	-0.2126	0.0583	0.000264	--?	2763	12	52741396	2003879521		
rs2359381	t	c	0.3996	0.0000	-0.4193	0.1159	0.000298	??-	615	12	61302926	2012441051	MIRLET7I	C12orf61
rs10506748	a	g	0.2117	0.0165	0.2048	0.0619	0.0009318	+++	3380	12	76423314	2027561439		
rs7304484	a	c	0.3983	0.0167	-0.1867	0.0521	0.0003424	---	3361	12	81971798	2033109923	TMTC2	TMTC2
rs770374	t	g	0.5568	0.0078	0.1952	0.0567	0.0005741	++?	2756	12	88342153	2039480278	POC1B	POC1B
rs4402333	t	g	0.7929	0.0035	-0.2409	0.0682	0.0004095	--?	2762	12	90926500	2042064625	C12orf79	C12orf79
rs2366452	a	c	0.5030	0.0100	-0.2029	0.0571	0.0003802	?--	2569	12	93480866	2044618991	MIR5700	TMCC3
rs7980567	a	g	0.5473	0.0076	0.1921	0.0560	0.0005998	++?	2763	12	101641113	2052779238	LINC00485	ASCL1
rs12301933	t	c	0.7330	0.0000	0.4671	0.1251	0.0001877	+??	734	12	103104592	2054242717	LINC00485	IGF1
rs7296495	a	g	0.4082	0.0000	-0.3620	0.1100	0.0009983	-??	735	12	103107304	2054245429	LINC00485	IGF1
rs12305326	a	c	0.7163	0.0000	0.4849	0.1235	8.637e-05	+??	735	12	103107949	2054246074	LINC00485	IGF1
rs11066587	c	g	0.9470	0.0000	0.9900	0.2704	0.0002512	??+	627	12	112464039	2063602164	RNU7-114P	LHX5
rs11066595	c	g	0.9485	0.0000	0.9291	0.2715	0.0006216	??+	630	12	112466905	2063605030	RNU7-114P	LHX5
rs11066935	t	c	0.1242	0.0075	0.2512	0.0750	0.0008168	+++	3379	12	113012762	2064150887		RBM19
rs10492337	a	g	0.1361	0.0058	0.2658	0.0722	0.0002294	+++	3384	12	113070700	2064208825	GLULP5	RBM19
rs10492338	a	g	0.8632	0.0065	-0.2716	0.0717	0.0001518	---	3392	12	113081061	2064219186	GLULP5	RBM19
rs11067584	a	g	0.2173	0.0000	-0.4813	0.1415	0.0006689	??-	629	12	114337140	2065475265		
rs11067585	c	g	0.2922	0.0000	-0.4762	0.1275	0.0001885	??-	630	12	114337820	2065475945		
rs4767318	t	c	0.5295	0.0000	-0.4389	0.1150	0.0001351	??-	617	12	114358437	2065496562		
rs4767331	t	g	0.3877	0.0000	0.4140	0.1229	0.0007544	??+	630	12	114416328	2065554453		
rs830124	t	c	0.1285	0.0000	-0.5664	0.1715	0.00096	??-	627	12	120880160	2072018285	WDR66	WDR66
rs2333831	t	c	0.6124	0.0000	-0.4206	0.1243	0.000717	??-	614	12	122578269	2073716394	RILPL1	RILPL1
rs4456350	t	c	0.4421	0.0000	0.4108	0.1183	0.0005166	??+	624	12	122624442	2073762567	TMED2	TMED2
rs786444	t	c	0.4495	0.0000	0.4170	0.1204	0.0005342	??+	622	12	122631369	2073769494	TMED2	TMED2
rs786423	t	c	0.5478	0.0000	-0.3754	0.1139	0.0009842	??-	626	12	122649851	2073787976	DDX55	DDX55
AFFX-SNP_6311680__rs7313628	t	c	0.4508	0.0000	0.4009	0.1187	0.0007328	??+	622	12	122672968	2073811093		
rs7313628	t	c	0.4503	0.0000	0.4000	0.1185	0.0007382	??+	624	12	122672968	2073811093	EIF2B1	EIF2B1
rs1060637	a	t	0.6094	0.0000	-0.4027	0.1200	0.0007936	??-	627	12	122676075	2073814200	EIF2B1	EIF2B1
AFFX-SNP_5994141__rs7307008	c	g	0.6093	0.0000	-0.4083	0.1225	0.0008622	??-	619	12	122725974	2073864099		
rs7307008	c	g	0.6115	0.0000	-0.4128	0.1239	0.0008622	??-	611	12	122725974	2073864099	TCTN2	TCTN2
rs12829893	a	c	0.3891	0.0000	0.4038	0.1222	0.0009498	??+	615	12	122732931	2073871056	TCTN2	TCTN2
rs7966867	t	c	0.5428	0.0000	-0.4136	0.1201	0.0005753	??-	621	12	122745370	2073883495	TCTN2	TCTN2
rs7979528	a	g	0.6081	0.0000	-0.4011	0.1214	0.0009498	??-	624	12	122747773	2073885898	TCTN2	TCTN2
rs7301641	t	c	0.3796	0.0000	0.4661	0.1232	0.0001549	??+	630	12	122773051	2073911176	ATP6V0A2	ATP6V0A2
rs10734905	a	c	0.3857	0.0000	0.4467	0.1233	0.0002923	??+	628	12	122773341	2073911466	ATP6V0A2	ATP6V0A2
rs10734906	t	c	0.3883	0.0000	0.4581	0.1223	0.0001804	??+	630	12	122773521	2073911646	ATP6V0A2	ATP6V0A2
rs7132115	a	g	0.6130	0.0000	-0.4472	0.1223	0.0002562	??-	629	12	122773873	2073911998	ATP6V0A2	ATP6V0A2
rs882563	a	g	0.5971	0.0000	-0.4185	0.1197	0.0004741	??-	621	12	122776502	2073914627	ATP6V0A2	ATP6V0A2
rs7397745	a	g	0.4101	0.0000	0.4347	0.1193	0.0002684	??+	629	12	122783979	2073922104	ATP6V0A2	ATP6V0A2
rs2271660	a	g	0.4006	0.0000	0.4450	0.1203	0.0002156	??+	631	12	122786008	2073924133		
rs7295552	t	c	0.4023	0.0007	0.1743	0.0512	0.0006597	+++	3398	12	122789797	2073927922	ATP6V0A2	ATP6V0A2
rs4765255	a	g	0.5468	0.0032	0.3097	0.0802	0.0001129	+?+	1357	12	124509382	2075647507	TMEM132B	TMEM132B
rs12371559	a	g	0.1819	0.0000	-0.4892	0.1478	0.0009363	??-	630	12	127582444	2078720569	TMEM132C	TMEM132C
rs11059756	a	c	0.8212	0.0000	0.4991	0.1469	0.0006788	??+	630	12	127591147	2078729272	TMEM132C	TMEM132C
rs265619	c	g	0.6509	0.0000	0.4007	0.1206	0.0008905	??+	631	12	128677632	2079815757	TMEM132D	TMEM132D
rs11060503	t	c	0.3399	0.0000	0.4735	0.1288	0.0002378	??+	628	12	128754234	2079892359	TMEM132D	TMEM132D
rs10744430	a	g	0.6515	0.0000	-0.4883	0.1292	0.0001575	??-	623	12	128767081	2079905206	TMEM132D	TMEM132D
rs7297100	a	t	0.3436	0.0000	0.4555	0.1278	0.0003666	??+	629	12	128767899	2079906024	TMEM132D	TMEM132D
rs11060740	a	g	0.0552	0.0000	0.7812	0.2342	0.000853	+??	734	12	130632573	2081770698	FZD10-AS1	FZD10
rs877098	a	g	0.4653	0.0000	-0.4303	0.1165	0.0002208	??-	632	13	19696240	2104613161	GJB6	GJB6
rs9509131	c	g	0.7483	0.0000	0.4361	0.1307	0.0008469	??+	632	13	19771102	2104688023	GJB6	GJB6
rs2027154	t	c	0.6684	0.0006	0.2143	0.0603	0.0003826	++?	2761	13	20802478	2105719399		ZDHHC20
rs3129656	a	c	0.9475	0.0000	0.9654	0.2750	0.0004464	??+	632	13	21419565	2106336486	LINC00424	FGF9
rs4770456	t	c	0.4042	0.0038	0.2044	0.0572	0.0003509	++?	2762	13	22963424	2107880345	LINC00352	SACS
rs9317744	t	c	0.8879	0.0052	0.2933	0.0837	0.0004617	+++	3387	13	22963766	2107880687	LINC00352	SACS
rs10507390	t	c	0.2204	0.0000	0.5125	0.1451	0.0004109	??+	628	13	30157072	2115073993	ALOX5AP	ALOX5AP
rs1540131	a	g	0.3091	0.0088	0.1970	0.0597	0.0009645	++?	2763	13	38350235	2123267156	FREM2	FREM2
rs880165	t	c	0.4565	0.0044	-0.1906	0.0565	0.0007414	--?	2740	13	38370882	2123287803	PLA2G12AP2	STOML3
rs1751874	t	g	0.4750	0.0063	0.2799	0.0808	0.000535	+?+	1362	13	39843538	2124760459		
rs2721066	t	c	0.6927	0.0000	-0.4630	0.1297	0.000357	??-	630	13	40054188	2124971109	FOXO1	FOXO1
rs3892360	c	g	0.6934	0.0000	-0.4639	0.1296	0.0003436	??-	632	13	40082078	2124998999	FOXO1	FOXO1
rs7338669	t	c	0.6928	0.0000	-0.4438	0.1287	0.0005668	??-	632	13	40098091	2125015012	FOXO1	FOXO1
rs4943797	a	g	0.3056	0.0000	0.4639	0.1291	0.0003281	??+	631	13	40099633	2125016554	FOXO1	FOXO1
rs8001443	t	c	0.6928	0.0000	-0.4557	0.1294	0.0004283	??-	632	13	40114646	2125031567	FOXO1	FOXO1
rs9532571	t	c	0.3075	0.0000	0.4595	0.1295	0.0003867	??+	631	13	40116670	2125033591	FOXO1	FOXO1
rs9549252	a	g	0.6933	0.0000	-0.4767	0.1300	0.0002454	??-	631	13	40128141	2125045062	FOXO1	FOXO1
rs17061503	a	g	0.3058	0.0000	0.4479	0.1297	0.0005544	??+	628	13	40144758	2125061679	FOXO1	FOXO1
rs9535241	a	c	0.3957	0.0005	-0.1947	0.0579	0.000777	--?	2714	13	48899365	2133816286	CAB39L	CAB39L
rs9597032	a	t	0.1983	0.0000	-0.5120	0.1498	0.0006308	??-	627	13	54159982	2139076903		OLFM4
rs9540087	a	g	0.8260	0.0000	-0.5951	0.1642	0.0002901	??-	613	13	63901231	2148818152	LINC00355	
rs9598825	a	g	0.1675	0.0000	-0.5428	0.1532	0.0003941	??-	615	13	64133930	2149050851	LGMNP1	
rs1538812	t	c	0.3272	0.0000	-0.4000	0.1208	0.0009296	-??	735	13	66234920	2151151841	HNRNPA3P5	PCDH9
rs9317705	c	g	0.7269	0.0000	0.4223	0.1282	0.0009912	??+	632	13	68024388	2152941309	RPS3AP52	PCDH9
rs9317781	a	g	0.5216	0.0000	0.4169	0.1150	0.0002901	??+	626	13	68666375	2153583296	LINC00383	KLHL1
rs9317783	t	g	0.5222	0.0000	0.4117	0.1152	0.0003502	??+	625	13	68666406	2153583327	LINC00383	KLHL1
rs1838815	a	g	0.4809	0.0000	-0.4553	0.1167	9.501e-05	??-	629	13	68670308	2153587229	LINC00383	KLHL1
rs9541874	t	c	0.4220	0.0000	-0.3982	0.1178	0.0007222	??-	624	13	68731385	2153648306	LINC00383	KLHL1
rs1838808	t	c	0.3434	0.0000	-0.4233	0.1229	0.0005732	??-	628	13	68736998	2153653919	LINC00383	KLHL1
rs1322684	t	c	0.3443	0.0000	-0.4478	0.1245	0.0003231	??-	620	13	68769276	2153686197	LINC00401	KLHL1
rs1853310	t	c	0.6546	0.0000	0.4398	0.1248	0.0004267	??+	615	13	68772392	2153689313	LINC00401	KLHL1
rs949627	t	c	0.5875	0.0000	0.3900	0.1177	0.0009197	??+	631	13	68893818	2153810739	SRSF1P1	KLHL1
rs985740	t	c	0.4565	0.0004	-0.2035	0.0563	0.0003048	--?	2748	13	72743821	2157660742	RNY1P8	KLF5
rs1324058	a	c	0.7963	0.0027	0.2697	0.0711	0.0001498	++?	2717	13	73254565	2158171486	KLF12	KLF12
rs1766357	t	g	0.4212	0.0065	0.1873	0.0559	0.0008013	++?	2759	13	77269839	2162186760	EDNRB-AS1	SLAIN1
rs9544646	a	g	0.9230	0.0012	-0.3814	0.1033	0.0002231	--?	2749	13	77429840	2162346761	RNF219-AS1	EDNRB
rs7318037	a	g	0.3601	0.0033	0.2505	0.0585	1.868e-05	++?	2736	13	81367146	2166284067	PTMAP5	SPRY2
rs1354028	a	g	0.6815	0.0000	0.4317	0.1294	0.000853	??+	631	13	84483123	2169400044	LINC00375	SLITRK6
rs2039635	a	g	0.2968	0.0000	-0.4395	0.1335	0.0009948	??-	621	13	84493970	2169410891	LINC00375	SLITRK6
rs9575716	a	g	0.2943	0.0000	-0.4663	0.1317	0.0003986	??-	625	13	84500966	2169417887	LINC00375	SLITRK6
rs9547045	t	g	0.7078	0.0000	0.4592	0.1314	0.0004723	??+	626	13	84502496	2169419417	LINC00375	SLITRK6
rs9602630	a	g	0.2938	0.0000	-0.4613	0.1309	0.0004235	??-	628	13	84502718	2169419639	LINC00375	SLITRK6
rs4772299	a	g	0.2339	0.0003	0.2134	0.0644	0.0009288	++?	2764	13	99945020	2184861941	PCCA	PCCA
rs9518309	a	g	0.8258	0.0041	0.3515	0.1059	0.0009065	+?+	1367	13	100559387	2185476308	NALCN	NALCN
rs11616341	t	c	0.7408	0.0000	-0.4642	0.1245	0.0001922	-??	735	13	101721029	2186637950	NALCN	NALCN
rs4772492	a	g	0.5712	0.0112	0.1941	0.0503	0.0001151	+++	3376	13	102045625	2186962546	TPP2	TPP2
rs9519400	a	g	0.1829	0.0137	0.3710	0.1045	0.0003842	+?+	1356	13	104044911	2188961832	RPL7P45	DAOA
rs7319819	t	c	0.1703	0.0000	0.5713	0.1453	8.389e-05	+??	728	13	105727158	2190644079	RPL7P45	DAOA
rs9519586	t	g	0.8322	0.0000	-0.5194	0.1454	0.0003543	-??	727	13	105730298	2190647219	RPL7P45	DAOA
rs9300998	a	g	0.1839	0.0000	0.4989	0.1314	0.0001465	+??	734	13	105738103	2190655024	RPL7P45	DAOA
rs9558467	a	g	0.8279	0.0000	-0.5145	0.1441	0.0003556	-??	735	13	105739408	2190656329	RPL7P45	DAOA
rs9555139	a	g	0.0520	0.0000	0.7996	0.2275	0.0004414	+??	730	13	105783878	2190700799	RPL7P45	DAOA
rs1766170	a	g	0.5571	0.0000	0.3754	0.1092	0.0005882	+??	735	13	106261945	2191178866	LINC00343	DAOA
rs4083987	a	g	0.5755	0.0109	0.2913	0.0789	0.0002244	+?+	1367	13	107130560	2192047481	FAM155A	FAM155A
rs17674880	a	g	0.9074	0.0006	-0.5017	0.1396	0.0003271	-?-	1367	13	107492177	2192409098	FAM155A	FAM155A
rs970338	a	t	0.3477	0.0000	-0.4232	0.1209	0.000467	??-	626	14	21549437	2221556551		OR4E2
rs17449560	c	g	0.1134	0.0000	-0.5947	0.1791	0.0009002	??-	631	14	30598823	2230605937	AP4S1	AP4S1
rs4981133	a	g	0.5277	0.0000	0.4380	0.1258	0.0004958	??+	617	14	31401617	2231408731		
rs4296166	a	g	0.4846	0.0052	0.2061	0.0506	4.703e-05	+++	3345	14	32022118	2232029232	AKAP6	AKAP6
rs1950221	t	c	0.7570	0.0094	0.2726	0.0656	3.285e-05	++?	2764	14	32260976	2232268090	AKAP6	AKAP6
rs1957198	a	g	0.5725	0.0035	0.1856	0.0561	0.0009432	++?	2765	14	39412328	2239419442		FBXO33
rs1028452	a	c	0.5718	0.0055	-0.1849	0.0552	0.0008135	--?	2732	14	39821772	2239828886		FBXO33
rs8006885	a	g	0.6585	0.0000	-0.4282	0.1139	0.0001713	-??	735	14	52085025	2252092139	FRMD6	FRMD6
rs11847523	t	c	0.1918	0.0000	-0.5245	0.1460	0.0003281	-??	735	14	52087345	2252094459	FRMD6	FRMD6
rs1467526	a	g	0.8038	0.0000	0.4931	0.1437	0.0005991	+??	734	14	52103192	2252110306	FRMD6	FRMD6
rs4243579	t	c	0.4435	0.0000	0.4339	0.1107	8.929e-05	+??	735	14	52161021	2252168135	FRMD6	FRMD6
rs10140556	a	g	0.2170	0.0000	-0.5008	0.1391	0.0003182	-??	735	14	52169091	2252176205	FRMD6	FRMD6
rs7149810	a	g	0.7813	0.0000	0.5147	0.1389	0.0002106	+??	734	14	52195320	2252202434	FRMD6	FRMD6
rs12878712	t	c	0.5580	0.0000	-0.3874	0.1094	0.0003971	-??	733	14	52202750	2252209864	RNU6-301P	GNG2
rs7153066	t	c	0.5571	0.0000	-0.3963	0.1096	0.0002992	-??	735	14	52204675	2252211789		GNG2
rs2185823	a	g	0.1340	0.0020	0.2748	0.0804	0.0006303	++?	2765	14	52931563	2252938677		DDHD1
rs11621375	a	g	0.5057	0.0000	0.3584	0.1085	0.00096	+??	700	14	54206637	2254213751		BMP4
rs11623166	t	g	0.4952	0.0000	-0.3622	0.1086	0.0008499	-??	732	14	54216769	2254223883		BMP4
rs872188	c	g	0.8461	0.0000	-0.5654	0.1718	0.0009983	??-	620	14	55283898	2255291012		KTN1
rs12433211	a	t	0.9711	0.0000	1.2850	0.3861	0.0008747	??+	631	14	55295415	2255302529		KTN1
rs12100694	a	g	0.7395	0.0103	0.2408	0.0642	0.0001782	++?	2764	14	55889778	2255896892		TMEM260
rs10483654	a	g	0.1409	0.0092	-0.3465	0.0828	2.865e-05	--?	2763	14	55893871	2255900985		TMEM260
rs4899160	t	c	0.2944	0.0002	-0.2897	0.0879	0.00098	-?-	1345	14	64550965	2264558079	MAX	MAX
rs8006419	a	g	0.4961	0.0083	0.2721	0.0806	0.0007351	+?+	1364	14	64570488	2264577602	MAX	MAX
rs1147441	t	g	0.3181	0.0000	-0.4324	0.1275	0.0006938	??-	632	14	65539347	2265546461		
rs36424	t	c	0.4033	0.0064	0.2652	0.0780	0.000672	+?+	1363	14	71422802	2271429916		RGS6
rs7143919	a	g	0.3501	0.0000	0.3874	0.1137	0.0006568	+??	734	14	72434002	2272441116	RGS6	RGS6
rs4646861	t	c	0.8640	0.0000	-0.6443	0.1848	0.0004903	??-	629	14	73608459	2273615573	ALDH6A1	ALDH6A1
rs17096584	t	c	0.1357	0.0000	0.6080	0.1834	0.0009164	??+	629	14	73647450	2273654564	LIN52	LIN52
rs6574166	a	g	0.1365	0.0000	0.6064	0.1825	0.0008937	??+	629	14	73697387	2273704501	LIN52	LIN52
rs10142253	t	c	0.2071	0.0004	0.2388	0.0683	0.0004728	++?	2721	14	84140976	2284148090	RNU6-976P	
rs1121860	t	c	0.7149	0.0055	-0.2188	0.0559	9.136e-05	---	3342	14	84248679	2284255793	RNU6-976P	
rs856675	a	c	0.8883	0.0013	-0.3205	0.0882	0.0002782	--?	2762	14	84405968	2284413082		
rs2753610	c	g	0.8072	0.0000	-0.5130	0.1546	0.0009034	??-	632	14	85150141	2285157255	FLRT2	FLRT2
rs2224413	t	c	0.8083	0.0000	-0.5148	0.1548	0.000881	??-	632	14	85169055	2285176169	FLRT2	FLRT2
rs1075612	a	c	0.8073	0.0000	-0.5184	0.1552	0.0008378	??-	630	14	85177771	2285184885	FLRT2	FLRT2
rs4904864	a	g	0.3347	0.0044	0.1967	0.0584	0.0007659	++?	2749	14	91834272	2291841386	SLC24A4	SLC24A4
rs4905564	t	c	0.5422	0.0075	-0.2027	0.0510	6.939e-05	---	3392	14	96434843	2296441957	VRK1	VRK1
rs1683119	c	g	0.6992	0.0000	-0.4460	0.1291	0.0005523	??-	632	14	96572498	2296579612		VRK1
rs2240204	t	c	0.0512	0.0063	-0.4575	0.1340	0.0006377	--?	2764	15	26167627	2333462404	HERC2	HERC2
rs16950979	a	g	0.9491	0.0065	0.4671	0.1345	0.0005154	++?	2764	15	26194101	2333488878	HERC2	HERC2
rs7173874	c	g	0.3804	0.0000	0.4007	0.1206	0.0008937	??+	629	15	29601759	2336896536	OTUD7A	OTUD7A
rs1514254	a	g	0.2904	0.0049	-0.2122	0.0627	0.0007087	--?	2724	15	29998226	2337293003		OTUD7A
rs1001555	a	g	0.9391	0.0015	0.4446	0.1252	0.0003849	++?	2697	15	30060958	2337355735	CHRNA7	CHRNA7
rs1500948	t	c	0.6866	0.0000	0.4438	0.1242	0.0003543	+??	734	15	32399723	2339694500	CHRNA7	CHRNA7
rs2054252	t	c	0.4793	0.0146	0.1797	0.0504	0.0003648	+++	3379	15	33209966	2340504743		ZNF770
rs11858960	t	c	0.3571	0.0000	0.4169	0.1157	0.0003146	+??	735	15	33534019	2340828796	TMCO5B	FMN1
rs717316	a	g	0.5872	0.0041	-0.2086	0.0565	0.000224	--?	2760	15	34671159	2341965936	C15orf41	C15orf41
rs8039031	a	g	0.7889	0.0056	0.2778	0.0635	1.2e-05	+++	3340	15	34954382	2342249159		MEIS2
rs1197701	t	c	0.7326	0.0033	0.2099	0.0634	0.0009269	++?	2698	15	39974784	2347269561		SPTBN5
rs1918498	a	g	0.3040	0.0069	0.1955	0.0534	0.0002532	+++	3379	15	43983655	2351278432		SQRDL
rs4480736	a	g	0.7204	0.0082	-0.2039	0.0548	0.0001992	---	3390	15	43994815	2351289592		SQRDL
rs16963056	c	g	0.9133	0.0000	0.8050	0.2273	0.0003971	??+	626	15	47986657	2355281434	ATP8B4	ATP8B4
rs10519248	a	g	0.9110	0.0000	0.7574	0.2204	0.0005882	??+	614	15	48003494	2355298271	ATP8B4	ATP8B4
rs16963231	a	t	0.0811	0.0000	-0.7889	0.2324	0.0006863	??-	632	15	48093814	2355388591	ATP8B4	ATP8B4
rs2016057	a	c	0.3876	0.0063	0.2732	0.0820	0.0008571	+?+	1367	15	49892574	2357187351	TMOD2	TMOD2
rs11856192	t	c	0.3086	0.0091	0.1939	0.0543	0.000356	+++	3385	15	52076681	2359371458	UNC13C	UNC13C
rs832882	a	g	0.4231	0.0000	-0.4131	0.1117	0.0002173	-??	735	15	65150837	2372445614	PLEKHO2	PLEKHO2
rs4412933	t	c	0.2912	0.0038	0.3487	0.0857	4.713e-05	+?+	1367	15	68544011	2375838788		UACA
rs8026748	a	g	0.1270	0.0022	-0.2905	0.0855	0.0006812	--?	2765	15	69757818	2377052595	THSD4	THSD4
rs11072815	t	c	0.3434	0.0000	-0.4205	0.1209	0.0005052	??-	631	15	77019374	2384314151	CTSH	CTSH
rs17313565	c	g	0.8175	0.0000	0.4945	0.1484	0.0008622	??+	630	15	78418709	2385713486	LINC00927	
rs2114252	t	g	0.2608	0.0009	-0.3306	0.0931	0.0003823	-?-	1366	15	86465680	2393760457	NTRK3	NTRK3
rs7168941	a	g	0.0739	0.0060	0.3984	0.1045	0.0001381	++?	2754	15	87599981	2394894758	FANCI	FANCI
rs2351000	t	c	0.8921	0.0020	-0.2807	0.0797	0.0004257	--+	3352	15	87670737	2394965514	POLG	POLG
rs11636250	t	c	0.7425	0.0000	0.5306	0.1297	4.314e-05	+??	734	15	88658964	2395953741	NTRK3	NTRK3
rs8025146	a	c	0.2000	0.0000	-0.5718	0.1440	7.127e-05	-??	735	15	88737834	2396032611	NTRK3	NTRK3
rs7177575	t	c	0.3252	0.0000	-0.4097	0.1187	0.0005585	-??	735	15	88912779	2396207556	MRPL46	MRPL46
rs998434	t	c	0.2568	0.0119	0.2150	0.0575	0.0001847	+++	3385	15	89400604	2396695381		VPS33B
rs11858243	a	g	0.3095	0.0055	0.2566	0.0602	2.007e-05	++?	2747	15	89506341	2396801118	SV2B	SV2B
rs4932521	t	c	0.6219	0.0039	0.2485	0.0577	1.645e-05	++?	2762	15	89508790	2396803567	SV2B	SV2B
rs12905479	a	g	0.4464	0.0105	-0.2469	0.0554	8.254e-06	--?	2765	15	89512213	2396806990	SV2B	SV2B
rs7182899	a	g	0.9041	0.0000	-0.6285	0.1803	0.0004903	-??	735	15	91094790	2398389567	CRTC3	CRTC3
rs11073975	a	g	0.1156	0.0000	0.5809	0.1710	0.0006813	+??	735	15	91602603	2398897380		VPS33B
rs1542708	t	c	0.2418	0.0097	-0.2279	0.0666	0.0006235	--?	2766	15	91821786	2399116563		
rs4777927	t	c	0.3269	0.0157	0.2277	0.0588	0.000108	++?	2760	15	91943634	2399238411		
rs9806454	a	g	0.2725	0.0110	0.2196	0.0620	0.0003959	++?	2764	15	91946532	2399241309		
rs12899299	a	g	0.5399	0.0164	-0.2353	0.0556	2.315e-05	--?	2762	15	91948913	2399243690		
rs12324301	a	g	0.1939	0.0000	-0.4974	0.1442	0.0005627	-??	735	15	100786493	2408081270	ADAMTS17	ADAMTS17
rs12448037	t	c	0.1306	0.0000	-0.6013	0.1727	0.0004995	-??	735	16	5680104	2415372941		RBFOX1
rs17140285	t	g	0.6565	0.0000	0.4376	0.1182	0.0002148	+??	735	16	6512396	2416205233	RBFOX1	RBFOX1
rs4275868	t	c	0.7585	0.0000	0.4493	0.1310	0.0006014	+??	735	16	7349777	2417042614	RBFOX1	RBFOX1
rs2447927	t	c	0.0519	0.0061	0.6701	0.1842	0.0002759	+?+	1364	16	8850778	2418543615		CARHSP1
rs16957895	a	g	0.7170	0.0000	-0.5367	0.1322	4.907e-05	??-	631	16	10997912	2420690749	CLEC16A	CLEC16A
rs4781419	t	c	0.7068	0.0000	-0.4838	0.1324	0.0002572	??-	631	16	13150832	2422843669	SHISA9	SHISA9
rs2641889	t	c	0.5680	0.0000	-0.4010	0.1073	0.0001855	-??	735	16	18807311	2428500148		
rs2925508	a	c	0.5415	0.0000	0.3992	0.1096	0.0002716	+??	735	16	18859981	2428552818	SMG1	SMG1
rs9934555	a	g	0.4707	0.0000	-0.3970	0.1094	0.0002845	-??	733	16	18945075	2428637912		SMG1
rs11642550	a	g	0.2997	0.0000	-0.4238	0.1199	0.0004078	-??	734	16	20854647	2430547484		
rs459894	t	c	0.9142	0.0061	0.3328	0.0925	0.0003235	+++	3378	16	23508989	2433201826		
rs7193224	a	g	0.1622	0.0126	0.2675	0.0768	0.0004972	++?	2728	16	27865626	2437558463	GSG1L	GSG1L
rs1345405	t	c	0.7918	0.0050	0.2477	0.0721	0.0005877	++?	2747	16	47681629	2457374466		CBLN1
rs2665282	a	g	0.6015	0.0000	-0.2398	0.0657	0.0002612	?-?	1995	16	52779886	2462472723		
rs10445030	t	c	0.1475	0.0008	-0.2970	0.0817	0.0002764	--?	2743	16	59057208	2468750045		
rs11859942	c	g	0.7431	0.0000	-0.4542	0.1315	0.0005544	??-	630	16	77737760	2487430597	WWOX	WWOX
rs8053895	t	c	0.7488	0.0000	-0.4471	0.1351	0.000933	??-	620	16	77741961	2487434798	WWOX	WWOX
rs7201082	t	c	0.2647	0.0000	0.4606	0.1333	0.0005503	??+	631	16	77742894	2487435731	WWOX	WWOX
rs10514457	t	c	0.0466	0.0034	-0.4432	0.1260	0.0004335	---	3396	16	78063502	2487756339		MAF
rs11650357	a	t	0.7488	0.0000	-0.4661	0.1382	0.0007435	??-	628	17	8904113	2508746872	NTN1	NTN1
rs9914071	a	g	0.5936	0.0000	0.4015	0.1188	0.0007222	??+	631	17	10112209	2509954968	RPS27AP1	GAS7
rs17597975	a	g	0.8924	0.0071	-0.4755	0.1282	0.0002079	-?-	1361	17	11207572	2511050331	SHISA6	SHISA6
rs12952685	t	g	0.1923	0.0014	0.2491	0.0703	0.0003953	++?	2766	17	11275443	2511118202	SHISA6	SHISA6
rs1878990	a	c	0.2933	0.0096	0.2355	0.0607	0.000104	++?	2746	17	12445187	2512287946	LINC00670	MYOCD
rs1356663	a	c	0.8776	0.0031	-0.2967	0.0833	0.0003673	--?	2764	17	12513308	2512356067	MYOCD	MYOCD
rs8065169	a	g	0.5065	0.0010	-0.2104	0.0553	0.0001411	--?	2767	17	14661603	2514504362		PMP22
rs8069787	t	c	0.5116	0.0004	-0.2090	0.0554	0.0001615	--?	2765	17	14666184	2514508943		PMP22
rs4792551	t	c	0.5721	0.0000	-0.2117	0.0564	0.0001769	--?	2747	17	14675351	2514518110		PMP22
rs9908366	a	t	0.5121	0.0000	-0.3903	0.1176	0.0009066	??-	631	17	28967899	2528810658		ASIC2
rs10491113	t	c	0.1708	0.0034	0.2435	0.0738	0.0009647	++?	2750	17	30028246	2529871005		TMEM132E
rs2946340	t	c	0.1742	0.0067	0.2681	0.0730	0.0002377	++?	2758	17	32823829	2532666588	ACACA	ACACA
rs2074412	t	c	0.3844	0.0070	0.1909	0.0574	0.0008854	++?	2761	17	32913179	2532755938	TADA2A	TADA2A
rs712039	t	c	0.2505	0.0102	0.2332	0.0639	0.0002627	++?	2761	17	32924666	2532767425	DUSP14	DUSP14
rs1008753	t	c	0.4361	0.0000	-0.3816	0.1097	0.0005014	-??	735	17	39724047	2539566806	KRT9	KRT9
rs1731898	a	g	0.6041	0.0000	0.3714	0.1123	0.0009396	+??	735	17	42008868	2541851627		
rs12948356	t	g	0.3081	0.0033	0.2166	0.0605	0.0003469	++?	2759	17	56726816	2556569575	BCAS3	BCAS3
rs17672144	a	c	0.0543	0.0000	1.0670	0.3095	0.0005668	??+	631	17	63941106	2563783865		WIPI1
rs9905488	a	g	0.2872	0.0000	-0.4952	0.1317	0.0001692	??-	614	17	71795130	2571637889	QRICH2	QRICH2
rs4789273	a	g	0.2894	0.0000	-0.4406	0.1285	0.0006036	??-	630	17	71797677	2571640436	QRICH2	QRICH2
rs752811	t	c	0.5457	0.0025	-0.1873	0.0555	0.0007346	--?	2730	17	74084911	2573927670	DNAH17	DNAH17
rs10502305	a	g	0.7162	0.0044	0.2130	0.0633	0.0007695	++?	2755	18	2721492	2583605328	SMCHD1	SMCHD1
rs1880021	a	t	0.2503	0.0000	-0.4567	0.1357	0.0007627	??-	613	18	5407640	2586291476	EPB41L3	EPB41L3
rs1963827	t	c	0.2012	0.0000	-0.5071	0.1407	0.0003134	??-	631	18	5410908	2586294744	EPB41L3	EPB41L3
rs4797212	t	c	0.7933	0.0044	0.3553	0.0972	0.0002566	+?+	1366	18	5414807	2586298643	EPB41L3	EPB41L3
rs12965261	a	g	0.1898	0.0000	-0.4774	0.1450	0.0009948	-??	735	18	8218296	2589102132	PTPRM	PTPRM
rs10083915	a	g	0.9592	0.0000	-0.5826	0.1621	0.0003244	?-?	1974	18	16954953	2597838789	RNU6-120P	ROCK1
rs10221288	a	g	0.9598	0.0000	-0.5447	0.1605	0.0006888	?-?	2014	18	17028265	2597912101	EXOGP1	GREB1L
rs9961271	t	c	0.2294	0.0109	0.2515	0.0657	0.000129	++?	2758	18	23217439	2604101275		CHST9
rs17715721	t	c	0.8638	0.0054	-0.3090	0.0793	9.784e-05	--?	2765	18	23219387	2604103223		CHST9
rs2140332	t	c	0.9451	0.0000	0.9413	0.2661	0.0004032	??+	632	18	24241525	2605125361	CDH2	CDH2
rs2140333	t	c	0.0549	0.0000	-0.9413	0.2661	0.0004032	??-	632	18	24241728	2605125564	CDH2	CDH2
rs2588844	t	c	0.2576	0.0115	0.1869	0.0560	0.0008566	+++	3398	18	35557196	2616441032	LINC00669	CELF4
rs9950114	a	t	0.7439	0.0000	0.4507	0.1317	0.0006216	??+	631	18	39430417	2620314253	RNU6-443P	SYT4
rs920459	a	g	0.7720	0.0000	0.5264	0.1415	0.0001984	??+	630	18	39505227	2620389063	RNU6-443P	SYT4
rs9947200	a	t	0.0505	0.0000	-0.9410	0.2719	0.0005382	??-	617	18	39709801	2620593637	RNU6-443P	SYT4
rs12957870	t	g	0.9581	0.0000	1.4860	0.3309	7.089e-06	??+	622	18	39919202	2620803038	RNA5SP455	SETBP1
rs673439	t	g	0.2120	0.0000	-0.4866	0.1428	0.0006568	??-	614	18	40026562	2620910398	RNA5SP455	SETBP1
rs576057	t	c	0.1537	0.0000	-0.5247	0.1585	0.000933	-??	735	18	46849610	2627733446	DYM	DYM
rs1553598	t	c	0.2243	0.0070	-0.2514	0.0688	0.000255	--?	2760	18	51728344	2632612180		TCF4
rs12456391	t	c	0.2374	0.0000	0.4290	0.1233	0.0005033	+??	735	18	54901657	2635785493	RNU6-737P	BOD1L2
rs1179812	t	g	0.5217	0.0000	0.4041	0.1205	0.0007965	??+	607	18	60972807	2641856643		CDH7
rs1035207	c	g	0.4692	0.0000	-0.4844	0.1223	7.495e-05	??-	605	18	60972984	2641856820		CDH7
rs1179809	c	g	0.5322	0.0000	0.4110	0.1201	0.0006193	??+	617	18	60974730	2641858566		CDH7
rs654875	a	c	0.0387	0.0000	0.5575	0.1660	0.0007851	?+?	2029	18	63650229	2644534065		DSEL
rs7245160	a	g	0.1649	0.0113	-0.2614	0.0704	0.0002029	--+	3373	18	70417826	2651301662	ZNF407	ZNF407
rs7227263	a	g	0.1313	0.0004	-0.2793	0.0848	0.0009841	--?	2753	18	70473497	2651357333	ZNF407	ZNF407
rs2404155	t	c	0.1244	0.0015	-0.2999	0.0872	0.0005827	--?	2762	18	70554056	2651437892	ZNF407	ZNF407
rs4891112	a	g	0.7803	0.0000	0.5014	0.1358	0.0002225	+??	735	18	73758103	2654641939		
rs8083877	t	c	0.3376	0.0000	0.4438	0.1308	0.0006938	??+	622	18	76051534	2656935370		PARD6G
rs10221538	a	g	0.2468	0.0000	0.5556	0.1407	7.848e-05	??+	630	19	15070603	2673969619	SYDE1	SYDE1
rs4808217	a	g	0.1342	0.0007	-0.3975	0.1162	0.0006245	-?-	1364	19	15101815	2674000831	ILVBL	ILVBL
rs3764561	a	g	0.1520	0.0055	0.2304	0.0694	0.0008989	+++	3393	19	15585294	2674484310		CYP4F3
rs111524	t	c	0.8238	0.0054	0.2607	0.0751	0.0005196	++?	2760	19	16126494	2675025510	HSH2D	HSH2D
rs6512087	t	c	0.8010	0.0014	0.2736	0.0717	0.0001353	++?	2756	19	16136655	2675035671		
rs17701615	a	g	0.6614	0.0000	0.4417	0.1180	0.0001826	+??	734	19	22102137	2681001153		ZNF43
rs10500264	a	g	0.1675	0.0062	0.2803	0.0667	2.656e-05	+++	3354	19	38442154	2697341170		SLC7A10
rs2965101	a	g	0.6936	0.0059	0.2356	0.0616	0.0001295	++?	2763	19	49929652	2708828668		BCL3
rs2927438	a	g	0.2263	0.0019	0.2516	0.0658	0.0001323	++?	2730	19	49933947	2708832963	BCL3	BCL3
rs4803750	a	g	0.9372	0.0073	0.3758	0.1078	0.0004887	+++	3393	19	49939467	2708838483	BCL3	BCL3
rs8103315	a	c	0.1425	0.0020	0.3178	0.0776	4.184e-05	++?	2747	19	49946008	2708845024	BCL3	BCL3
rs10402271	t	g	0.6534	0.0059	-0.2683	0.0529	3.923e-07	---	3390	19	50021054	2708920070	BCAM	BCAM
rs4605275	a	g	0.2767	0.0000	-0.2635	0.0727	0.0002923	?-?	1937	19	50030333	2708929349	PVRL2	PVRL2
rs377702	t	c	0.4051	0.0064	0.2824	0.0569	7.103e-07	++?	2751	19	50054507	2708953523	PVRL2	PVRL2
rs6859	a	g	0.4662	0.0022	0.4449	0.0571	6.46e-15	++?	2717	19	50073874	2708972890	PVRL2	PVRL2
rs157580	a	g	0.6523	0.0112	0.5913	0.0617	8.772e-22	++?	2761	19	50087106	2708986122	TOMM40	TOMM40
rs2075650	a	g	0.7812	0.0115	-0.9862	0.0707	3.107e-44	--?	2761	19	50087459	2708986475	TOMM40	TOMM40
rs8106922	a	g	0.6517	0.0034	0.3612	0.0591	9.709e-10	++?	2718	19	50093506	2708992522	TOMM40	TOMM40
rs405509	a	c	0.5334	0.0012	0.3125	0.0560	2.442e-08	++?	2751	19	50100676	2708999692	APOE	APOE
rs439401	t	c	0.3434	0.0114	-0.4874	0.0614	1.995e-15	--?	2727	19	50106291	2709005307	APOC1	APOC1
rs4420638	t	c	0.8234	0.0000	-0.7673	0.1648	3.209e-06	??-	623	19	50114786	2709013802	APOC1	APOC1
rs3760627	t	c	0.5297	0.0078	-0.1891	0.0568	0.0008744	--?	2749	19	50149020	2709048036		
rs1114832	a	g	0.0999	0.0015	0.4154	0.0834	6.355e-07	+++	3380	19	50328041	2709227057	PPP1R37	PPP1R37
rs1048699	t	c	0.0975	0.0001	0.3770	0.0935	5.496e-05	++?	2739	19	50342226	2709241242	PPP1R37	PPP1R37
rs2167418	a	g	0.2169	0.0052	0.2341	0.0615	0.0001396	+++	3389	19	56896754	2715795770	SPACA6P	HAS1
rs2864920	t	c	0.2149	0.0043	0.2316	0.0679	0.0006431	++?	2755	19	56903538	2715802554	SPACA6P	HAS1
rs4806711	a	g	0.7995	0.0064	0.2367	0.0700	0.0007224	++?	2763	19	59311003	2718210019	PRPF31	PRPF31
rs1541558	t	c	0.1924	0.0032	0.2422	0.0714	0.0006996	++?	2761	19	61828286	2720727302	ZNF71	ZNF71
rs1884638	a	t	0.8498	0.0000	-0.6745	0.1836	0.0002388	??-	629	20	704982	2723389274	SLC52A3	SLC52A3
rs648656	t	g	0.8478	0.0000	-0.6941	0.1825	0.000143	??-	631	20	714083	2723398375	SLC52A3	SLC52A3
rs6035139	t	c	0.0682	0.0000	-0.8267	0.2312	0.0003489	??-	631	20	1884275	2724568567		PDYN
rs910078	a	g	0.0759	0.0000	-0.7849	0.2220	0.0004062	??-	623	20	1894024	2724578316		PDYN
rs6112930	t	c	0.3884	0.0000	-0.4136	0.1242	0.0008716	??-	631	20	2054355	2724738647	STK35	STK35
rs6052131	a	g	0.0434	0.0000	-1.0100	0.2893	0.0004812	??-	621	20	3792295	2726476587	MAVS	MAVS
rs12480683	a	g	0.2604	0.0000	-0.4425	0.1314	0.0007599	??-	630	20	3816752	2726501044	PANK2	PANK2
rs2253977	a	g	0.2747	0.0031	-0.2168	0.0567	0.0001325	---	3373	20	3887140	2726571432	RNF24	RNF24
rs261360	a	g	0.3743	0.0008	-0.1978	0.0583	0.0006967	--?	2748	20	4985774	2727670066	RN7SL514P	SLC23A2
rs16995731	a	g	0.2204	0.0000	-0.4594	0.1356	0.000704	-??	735	20	9278451	2731962743	PLCB4	PLCB4
rs914596	t	c	0.8647	0.0035	0.2804	0.0829	0.0007154	++?	2764	20	9833653	2732517945	PAK7	PAK7
rs6057007	a	g	0.2858	0.0093	0.2252	0.0615	0.0002532	++?	2755	20	9837990	2732522282	PAK7	PAK7
rs2210455	t	g	0.1994	0.0031	-0.2360	0.0701	0.0007572	--?	2746	20	9867383	2732551675		ANKEF1
rs2224189	a	g	0.2454	0.0000	0.4982	0.1395	0.0003543	??+	632	20	12190333	2734874625		BTBD3
rs1053834	t	c	0.1775	0.0000	0.5665	0.1619	0.0004653	??+	631	20	18742714	2741427006	SCP2D1	SCP2D1
rs8120307	t	c	0.6116	0.0000	0.3921	0.1118	0.0004515	+??	735	20	35803188	2758487480	MROH8	MROH8
rs6031882	t	c	0.6136	0.0000	0.4032	0.1120	0.0003194	+??	735	20	35809783	2758494075	RPN2	RPN2
rs6122695	a	g	0.7067	0.0000	-0.3920	0.1177	0.0008653	-??	728	20	47142287	2769826579	RNU7-144P	PREX1
rs6126200	t	c	0.8476	0.0000	0.5378	0.1620	0.0009034	??+	632	20	49313269	2771997561		KCNG1
rs2179689	a	g	0.8476	0.0000	0.5312	0.1610	0.0009703	??+	632	20	49313621	2771997913		KCNG1
rs13040698	t	c	0.4769	0.0000	-0.4355	0.1258	0.0005382	??-	619	20	52879888	2775564180	RNU4ATAC7P	DOK5
rs2065042	c	g	0.5254	0.0000	0.4205	0.1216	0.0005462	??+	631	20	52882032	2775566324	RNU4ATAC7P	DOK5
rs6023646	t	c	0.5265	0.0006	0.2838	0.0801	0.0003971	+?+	1364	20	52897721	2775582013	RNU4ATAC7P	DOK5
rs6023649	a	g	0.2590	0.0000	0.4401	0.1320	0.0008591	??+	632	20	52903990	2775588282	RNU4ATAC7P	DOK5
rs1912888	t	c	0.6950	0.0000	-0.4510	0.1295	0.0004977	??-	631	20	52962112	2775646404	RNU4ATAC7P	DOK5
rs283272	t	c	0.3096	0.0000	0.4511	0.1288	0.0004618	??+	631	20	52966034	2775650326	RNU4ATAC7P	DOK5
rs6061764	a	g	0.3189	0.0063	0.2008	0.0595	0.0007358	++?	2767	20	59412749	2782097041	CDH4	CDH4
rs944269	t	c	0.8408	0.0060	-0.2637	0.0766	0.0005756	--?	2766	20	59647962	2782332254	CDH4	CDH4
rs2822935	t	c	0.0933	0.0000	0.7652	0.2149	0.0003709	??+	630	21	15090625	2800669341	GAPDHP16	
rs2823815	t	c	0.4827	0.0134	-0.1995	0.0554	0.0003155	--?	2761	21	16748131	2802326847	LINC00478	USP25
rs4816997	t	c	0.7419	0.0101	0.2200	0.0657	0.0008166	++?	2757	21	25347328	2810926044		MRPL39
rs239728	a	g	0.1414	0.0049	-0.2664	0.0738	0.0003071	---	3385	21	27624298	2813203014		ADAMTS5
rs2831586	t	c	0.9411	0.0047	0.5997	0.1753	0.0006227	+?+	1364	21	28461367	2814040083		N6AMT1
rs539330	a	g	0.0409	0.0035	0.4664	0.1383	0.0007442	++?	2744	21	31673618	2817252334	TIAM1	TIAM1
rs11702237	t	c	0.9641	0.0000	-1.3710	0.3847	0.0003652	??-	631	21	32364748	2817943464	HUNK-AS1	HUNK
rs2834498	a	g	0.8050	0.0000	-0.5262	0.1580	0.0008653	??-	630	21	34796019	2820374735	KCNE1	KCNE1
rs448849	t	c	0.8741	0.0067	-0.2842	0.0823	0.0005524	--?	2760	21	36849296	2822428012	CLDN14	CLDN14
rs419941	a	g	0.8733	0.0076	-0.2723	0.0822	0.0009209	--?	2757	21	36866054	2822444770	CLDN14	CLDN14
rs8129605	a	c	0.5728	0.0000	-0.4377	0.1179	0.000204	??-	626	21	44442306	2830021022		
rs181417	a	g	0.1009	0.0015	-0.3295	0.0957	0.0005783	--?	2761	22	16620974	2850284679	BID	BID
rs9332377	a	g	0.1583	0.0000	-0.5952	0.1605	0.0002081	??-	622	22	18335692	2851999397	COMT	COMT
rs1477145	a	g	0.0954	0.0000	-0.7703	0.2084	0.0002182	-??	734	22	21380064	2855043769	P2RX6	P2RX6
rs2075277	t	c	0.9068	0.0000	0.7476	0.2088	0.0003436	+??	735	22	21382482	2855046187	P2RX6	P2RX6
rs564666	t	c	0.0790	0.0056	0.3469	0.1024	0.0007049	++?	2763	22	26008463	2859672168		MN1
rs8136465	t	c	0.2145	0.0000	-0.4748	0.1372	0.0005402	??-	631	22	26063540	2859727245		MN1
rs9620685	t	g	0.7812	0.0000	0.4859	0.1368	0.0003809	??+	631	22	26065210	2859728915		MN1
rs6006426	t	c	0.5320	0.0000	0.4101	0.1177	0.000494	??+	627	22	28999883	2862663588	OSM	OSM
rs130687	t	g	0.4435	0.0104	-0.2041	0.0565	0.0003031	--?	2761	22	32927679	2866591384		LARGE
rs8135269	t	c	0.1145	0.0000	-0.6221	0.1842	0.0007328	??-	631	22	43637453	2877301158		PHF21B
rs135374	a	c	0.1404	0.0051	-0.2823	0.0842	0.0007953	?--	2646	22	45961150	2879624855		
rs133565	a	g	0.3358	0.0002	0.2022	0.0591	0.0006252	++?	2752	22	47018657	2880682362	MIR3201	FAM19A5
rs130163	t	c	0.6806	0.0000	0.4334	0.1246	0.0005071	??+	629	22	47495683	2881159388	FAM19A5	FAM19A5
rs761744	a	g	0.0603	0.0014	0.3715	0.1117	0.0008823	++?	2760	22	49230594	2882894299	SBF1	SBF1
rs17224987	a	c	0.1776	0.0000	0.5430	0.1406	0.0001129	+??	735	22	49402391	2883066096		
